id,first_name,last_name,email,department,department_id,address_id,street,house_number,zip,city,state
1,Steven,Thomas,steven.thomas@test.net,Legal,9,1,Oak Road,1360,92239,Phoenix,AZ
2,Mary,Green,mary.green@example.com,Sales,4,2,Chestnut Avenue,1755,47022,Phoenix,AZ
3,Thomas,Lopez,thomas.lopez@example.com,Marketing,3,3,Walnut Lane,3408,23195,Fort Worth,TX
4,Ashley,Johnson,ashley.johnson@test.net,Marketing,3,4,Walnut Avenue,3446,59185,Columbus,OH
5,Christopher,Green,christopher.green@test.net,Operations,6,5,Washington Road,167,96463,Philadelphia,PA
6,Andrew,Green,andrew.green@example.com,Sales,4,6,Main Lane,7929,88642,Washington,DC
7,Steven,Smith,steven.smith@mail.com,Facilities,17,7,Sunset Avenue,3160,13873,Washington,DC
8,Steven,Johnson,steven.johnson@mail.com,Research and Development,7,8,Park Avenue,3555,52931,New York,NY
9,William,Anderson,william.anderson@example.com,Finance,5,9,Sunset Road,7891,22054,San Antonio,TX
10,Daniel,Rivera,daniel.rivera@demo.org,Support,15,10,Walnut Court,8400,35304,Fort Worth,TX
11,Thomas,Lopez,thomas.lopez@mail.com,Legal,9,11,Highland Avenue,9563,50840,Denver,CO
12,David,Wilson,david.wilson@test.net,Engineering,14,12,Chestnut Court,9771,51779,Dallas,TX
13,Michelle,Miller,michelle.miller@test.net,Engineering,14,13,Lake Lane,6127,68904,Chicago,IL
14,David,Williams,david.williams@demo.org,Compliance,19,14,Center Road,9895,56170,Indianapolis,IN
15,Betty,Johnson,betty.johnson@example.com,Operations,6,15,Main Court,3047,42154,Jacksonville,FL
16,Robert,Wilson,robert.wilson@demo.org,Quality Assurance,12,16,Elm Lane,2004,51758,New York,NY
17,Kevin,Smith,kevin.smith@demo.org,Research and Development,7,17,Chestnut Lane,3812,18681,Seattle,WA
18,Matthew,Jackson,matthew.jackson@mail.com,Facilities,17,18,Lake Avenue,9191,89679,Dallas,TX
19,Joshua,Jones,joshua.jones@test.net,Engineering,14,19,Main Lane,3247,16509,San Antonio,TX
20,Ashley,Young,ashley.young@example.com,Legal,9,20,Center Avenue,2034,32431,Charlotte,NC
21,Kenneth,Lee,kenneth.lee@test.net,Customer Service,8,21,Aspen Street,4671,94366,New York,NY
22,Andrew,Smith,andrew.smith@test.net,Procurement,10,22,Elm Court,607,79142,Seattle,WA
23,John,Perez,john.perez@example.com,Marketing,3,23,Walnut Avenue,6801,46002,San Jose,CA
24,Christopher,Thompson,christopher.thompson@test.net,Marketing,3,24,Spruce Lane,8091,16169,Washington,DC
25,Betty,Martin,betty.martin@test.net,Administration,16,25,Cedar Lane,1684,39362,New York,NY
26,Patricia,Smith,patricia.smith@mail.com,Sales,4,26,Main Court,3709,21536,Philadelphia,PA
27,Richard,Campbell,richard.campbell@demo.org,Security,18,27,Maple Street,4255,24523,Los Angeles,CA
28,Patricia,Martin,patricia.martin@example.com,Legal,9,28,Main Court,4423,28056,Philadelphia,PA
29,Donna,Robinson,donna.robinson@example.com,Finance,5,29,Main Boulevard,9571,93480,Columbus,OH
30,Donald,Nelson,donald.nelson@example.com,Facilities,17,30,Birch Drive,9469,96673,San Francisco,CA
31,Ashley,Moore,ashley.moore@demo.org,Administration,16,31,Hill Avenue,4323,20852,San Jose,CA
32,Daniel,Scott,daniel.scott@mail.com,Research and Development,7,32,Pine Avenue,8104,37849,Los Angeles,CA
33,James,Nelson,james.nelson@mail.com,Support,15,33,Highland Drive,7990,54623,Houston,TX
34,Susan,Nguyen,susan.nguyen@demo.org,Procurement,10,34,Chestnut Boulevard,8266,27047,Houston,TX
35,Joseph,White,joseph.white@test.net,Support,15,35,Sycamore Drive,6557,18996,San Antonio,TX
36,Sarah,Ramirez,sarah.ramirez@mail.com,Procurement,10,36,Aspen Avenue,2414,24047,Charlotte,NC
37,Melissa,Davis,melissa.davis@mail.com,Human Resources,1,37,Chestnut Boulevard,4371,72421,New York,NY
38,Joshua,King,joshua.king@test.net,Quality Assurance,12,38,Sunset Avenue,9017,56455,Chicago,IL
39,Margaret,Wilson,margaret.wilson@mail.com,Product Management,13,39,Birch Court,8322,16967,Austin,TX
40,Donald,Moore,donald.moore@demo.org,Sales,4,40,Oak Court,6924,48535,San Antonio,TX
41,Richard,Sanchez,richard.sanchez@mail.com,Data Analytics,20,41,Sunset Place,8498,24311,Columbus,OH
42,Carol,Brown,carol.brown@mail.com,Sales,4,42,Hill Avenue,871,85396,Los Angeles,CA
43,Sarah,Thomas,sarah.thomas@example.com,Security,18,43,Cedar Road,3711,63026,Washington,DC
44,Betty,Sanchez,betty.sanchez@example.com,Customer Service,8,44,Sunset Place,3371,36683,Philadelphia,PA
45,Daniel,Green,daniel.green@demo.org,Data Analytics,20,45,River Street,1545,75960,Philadelphia,PA
46,Kevin,Flores,kevin.flores@test.net,Procurement,10,46,Hill Boulevard,5163,31842,Chicago,IL
47,Barbara,Perez,barbara.perez@test.net,Finance,5,47,Maple Place,7012,12729,Austin,TX
48,Barbara,Taylor,barbara.taylor@example.com,Operations,6,48,Maple Lane,7764,10131,Denver,CO
49,Ashley,Thomas,ashley.thomas@test.net,Sales,4,49,Oak Street,9295,39922,San Jose,CA
50,Kimberly,Allen,kimberly.allen@mail.com,Finance,5,50,Cedar Avenue,4991,69325,Austin,TX
51,Ashley,Mitchell,ashley.mitchell@demo.org,Security,18,51,Sunset Place,4154,70129,Jacksonville,FL
52,James,Thompson,james.thompson@demo.org,Logistics,11,52,Birch Place,1848,99887,Dallas,TX
53,Kimberly,Campbell,kimberly.campbell@example.com,Finance,5,53,Center Drive,2321,75251,Jacksonville,FL
54,Mary,Thomas,mary.thomas@test.net,Quality Assurance,12,54,Lake Avenue,3176,93720,Fort Worth,TX
55,Michael,Moore,michael.moore@test.net,Facilities,17,55,Washington Road,5716,61252,Austin,TX
56,Donna,Clark,donna.clark@demo.org,Procurement,10,56,Lake Street,9495,54993,Indianapolis,IN
57,Michelle,Davis,michelle.davis@test.net,Support,15,57,Aspen Lane,4726,11092,Houston,TX
58,Ashley,Baker,ashley.baker@mail.com,Support,15,58,Elm Road,9145,49799,Philadelphia,PA
59,Ashley,Jackson,ashley.jackson@example.com,Procurement,10,59,Maple Place,671,47095,San Antonio,TX
60,Donna,Davis,donna.davis@example.com,Administration,16,60,River Street,7051,96540,Jacksonville,FL
61,James,Brown,james.brown@demo.org,Finance,5,61,Park Road,8225,30321,Seattle,WA
62,Jennifer,Rivera,jennifer.rivera@demo.org,Finance,5,62,Lake Court,9589,48116,Chicago,IL
63,Joseph,Williams,joseph.williams@test.net,Quality Assurance,12,63,Hill Court,6924,22863,Fort Worth,TX
64,Thomas,Martin,thomas.martin@demo.org,Operations,6,64,Aspen Court,5284,28242,Denver,CO
65,Carol,Gonzalez,carol.gonzalez@demo.org,Finance,5,65,Center Drive,4933,21219,San Jose,CA
66,Karen,Torres,karen.torres@test.net,Security,18,66,Washington Court,7159,28167,Houston,TX
67,Kimberly,Lewis,kimberly.lewis@demo.org,Facilities,17,67,Park Place,5804,71151,Columbus,OH
68,Anthony,Clark,anthony.clark@test.net,Human Resources,1,68,Spruce Street,6897,28426,Chicago,IL
69,Michelle,Martin,michelle.martin@mail.com,Compliance,19,69,Birch Lane,2086,81207,Washington,DC
70,Andrew,Jackson,andrew.jackson@example.com,Product Management,13,70,Elm Court,98,77896,Charlotte,NC
71,Sandra,Brown,sandra.brown@example.com,Information Technology,2,71,Sunset Avenue,5464,22766,Washington,DC
72,Charles,Torres,charles.torres@test.net,Logistics,11,72,Oak Avenue,9579,16949,Indianapolis,IN
73,Kevin,Wilson,kevin.wilson@mail.com,Security,18,73,Walnut Boulevard,3663,49438,Phoenix,AZ
74,George,Martin,george.martin@example.com,Administration,16,74,Sycamore Drive,1880,10004,Chicago,IL
75,Elizabeth,Hill,elizabeth.hill@example.com,Facilities,17,75,Cedar Drive,3348,72094,Houston,TX
76,Mary,Allen,mary.allen@test.net,Product Management,13,76,Oak Avenue,4914,73402,Fort Worth,TX
77,Barbara,Thomas,barbara.thomas@demo.org,Data Analytics,20,77,Chestnut Avenue,7084,93387,Phoenix,AZ
78,Mary,Lopez,mary.lopez@mail.com,Customer Service,8,78,Washington Drive,7802,48015,San Francisco,CA
79,Charles,Nelson,charles.nelson@example.com,Compliance,19,79,Walnut Lane,4509,60570,Fort Worth,TX
80,Kevin,Miller,kevin.miller@test.net,Engineering,14,80,Center Boulevard,459,69910,San Jose,CA
81,Linda,Torres,linda.torres@test.net,Human Resources,1,81,Aspen Road,559,68258,Washington,DC
82,John,Thompson,john.thompson@mail.com,Support,15,82,Chestnut Road,150,56890,Philadelphia,PA
83,Paul,Allen,paul.allen@mail.com,Quality Assurance,12,83,Birch Court,8406,32871,Chicago,IL
84,Dorothy,Martinez,dorothy.martinez@demo.org,Compliance,19,84,Main Place,2295,96303,Dallas,TX
85,Karen,Sanchez,karen.sanchez@example.com,Administration,16,85,Highland Place,9927,85502,Philadelphia,PA
86,Amanda,Allen,amanda.allen@demo.org,Finance,5,86,Main Lane,9577,62923,Washington,DC
87,Robert,Williams,robert.williams@example.com,Operations,6,87,Hill Avenue,1741,99040,San Francisco,CA
88,Mark,Lee,mark.lee@mail.com,Customer Service,8,88,Cedar Boulevard,6293,18437,Columbus,OH
89,Patricia,Flores,patricia.flores@demo.org,Sales,4,89,Oak Avenue,7235,89499,Jacksonville,FL
90,George,Johnson,george.johnson@mail.com,Logistics,11,90,Cedar Place,6188,93544,Phoenix,AZ
91,Andrew,Scott,andrew.scott@mail.com,Research and Development,7,91,Sunset Place,7169,39556,San Jose,CA
92,Richard,Mitchell,richard.mitchell@mail.com,Engineering,14,92,Birch Drive,1410,13177,Denver,CO
93,George,Nelson,george.nelson@example.com,Research and Development,7,93,Oak Boulevard,86,63480,Jacksonville,FL
94,Andrew,Wright,andrew.wright@example.com,Logistics,11,94,Washington Place,3116,84759,San Antonio,TX
95,Mark,Allen,mark.allen@demo.org,Quality Assurance,12,95,Sycamore Boulevard,1101,66034,Charlotte,NC
96,George,Harris,george.harris@example.com,Compliance,19,96,Pine Boulevard,8475,23226,San Jose,CA
97,Linda,Young,linda.young@mail.com,Information Technology,2,97,Sycamore Lane,370,47997,San Diego,CA
98,Thomas,Harris,thomas.harris@demo.org,Marketing,3,98,Washington Road,1226,85413,Seattle,WA
99,Jessica,King,jessica.king@demo.org,Product Management,13,99,Sycamore Street,8945,86385,Houston,TX
100,Mark,Taylor,mark.taylor@example.com,Information Technology,2,100,Main Court,4275,53848,San Antonio,TX
101,Edward,Brown,edward.brown@mail.com,Research and Development,7,101,Spruce Lane,1022,74691,San Diego,CA
102,Robert,Torres,robert.torres@example.com,Quality Assurance,12,102,Pine Court,9801,20563,Washington,DC
103,Emily,Walker,emily.walker@mail.com,Legal,9,103,Oak Avenue,584,76532,San Francisco,CA
104,Joseph,Adams,joseph.adams@demo.org,Engineering,14,104,Walnut Road,3732,17255,New York,NY
105,Mary,Gonzalez,mary.gonzalez@test.net,Human Resources,1,105,Spruce Place,855,59444,Fort Worth,TX
106,Kevin,Rodriguez,kevin.rodriguez@test.net,Engineering,14,106,Spruce Boulevard,1894,25465,Charlotte,NC
107,Michelle,White,michelle.white@demo.org,Research and Development,7,107,Main Court,950,40413,San Diego,CA
108,Jennifer,Nguyen,jennifer.nguyen@example.com,Customer Service,8,108,Center Street,245,17455,San Diego,CA
109,Robert,Brown,robert.brown@mail.com,Support,15,109,Washington Road,717,55831,Austin,TX
110,Kenneth,Adams,kenneth.adams@mail.com,Procurement,10,110,Elm Court,7844,96060,Houston,TX
111,Robert,Jones,robert.jones@demo.org,Security,18,111,Lake Place,5849,68135,San Diego,CA
112,Amanda,Martin,amanda.martin@demo.org,Security,18,112,River Drive,8632,51793,Dallas,TX
113,Kevin,Wright,kevin.wright@example.com,Information Technology,2,113,Park Court,7967,20282,Dallas,TX
114,Susan,Rodriguez,susan.rodriguez@mail.com,Procurement,10,114,Spruce Drive,2012,28607,Jacksonville,FL
115,John,Thomas,john.thomas@test.net,Support,15,115,Cedar Street,8175,45428,Los Angeles,CA
116,Sarah,Nguyen,sarah.nguyen@test.net,Procurement,10,116,Pine Street,4573,60323,Washington,DC
117,Ashley,Johnson,ashley.johnson@test.net,Product Management,13,117,Chestnut Street,3678,59719,San Antonio,TX
118,Barbara,Nelson,barbara.nelson@test.net,Security,18,118,Oak Road,513,55587,Seattle,WA
119,Mary,Hill,mary.hill@demo.org,Legal,9,119,Aspen Drive,449,91465,Austin,TX
120,Margaret,Ramirez,margaret.ramirez@example.com,Sales,4,120,Spruce Court,4710,70752,Seattle,WA
121,Margaret,Torres,margaret.torres@demo.org,Operations,6,121,Highland Place,3904,11990,Phoenix,AZ
122,Sarah,Baker,sarah.baker@demo.org,Marketing,3,122,Hill Road,5531,61721,Denver,CO
123,John,Flores,john.flores@demo.org,Quality Assurance,12,123,Sunset Road,9962,26293,New York,NY
124,Karen,Torres,karen.torres@demo.org,Legal,9,124,Washington Place,7582,67659,New York,NY
125,James,Robinson,james.robinson@example.com,Quality Assurance,12,125,Walnut Drive,6695,85965,Los Angeles,CA
126,Jennifer,Moore,jennifer.moore@demo.org,Marketing,3,126,Chestnut Boulevard,4228,44018,Dallas,TX
127,Ashley,Rodriguez,ashley.rodriguez@mail.com,Operations,6,127,Elm Street,3813,95799,Houston,TX
128,John,Lopez,john.lopez@test.net,Compliance,19,128,Main Street,9068,17970,San Diego,CA
129,Amanda,Taylor,amanda.taylor@demo.org,Human Resources,1,129,Park Street,9840,55839,San Diego,CA
130,Michael,Jones,michael.jones@test.net,Sales,4,130,Birch Avenue,3883,52701,San Antonio,TX
131,Andrew,White,andrew.white@test.net,Marketing,3,131,Center Road,2345,52800,New York,NY
132,Kenneth,White,kenneth.white@demo.org,Engineering,14,132,Park Place,4818,14083,Washington,DC
133,David,White,david.white@example.com,Procurement,10,133,Elm Street,1741,37719,Washington,DC
134,Christopher,Allen,christopher.allen@demo.org,Research and Development,7,134,Highland Street,2459,95093,Fort Worth,TX
135,Jennifer,Jones,jennifer.jones@mail.com,Compliance,19,135,Birch Court,8831,79174,Houston,TX
136,Patricia,Hill,patricia.hill@test.net,Facilities,17,136,Birch Place,5193,35562,Dallas,TX
137,Andrew,Jackson,andrew.jackson@mail.com,Logistics,11,137,Hill Lane,3783,51263,Charlotte,NC
138,Melissa,Davis,melissa.davis@mail.com,Support,15,138,Center Lane,1306,83460,Jacksonville,FL
139,Paul,Jones,paul.jones@demo.org,Administration,16,139,Sycamore Drive,7356,40115,Columbus,OH
140,Andrew,Rodriguez,andrew.rodriguez@mail.com,Engineering,14,140,Aspen Boulevard,9922,47602,Dallas,TX
141,Nancy,Lee,nancy.lee@example.com,Marketing,3,141,Center Court,8275,85499,Phoenix,AZ
142,Ashley,Green,ashley.green@mail.com,Operations,6,142,Chestnut Street,2733,64870,Houston,TX
143,Thomas,Scott,thomas.scott@test.net,Sales,4,143,Elm Street,7069,31880,New York,NY
144,Robert,Rodriguez,robert.rodriguez@test.net,Engineering,14,144,Park Boulevard,6592,41645,Seattle,WA
145,Amanda,Jackson,amanda.jackson@example.com,Logistics,11,145,Main Avenue,742,56525,Chicago,IL
146,Donald,Clark,donald.clark@test.net,Engineering,14,146,River Place,2206,87274,Philadelphia,PA
147,Paul,Garcia,paul.garcia@mail.com,Human Resources,1,147,Aspen Lane,7431,52000,Fort Worth,TX
148,Donald,Lopez,donald.lopez@demo.org,Sales,4,148,Hill Road,8083,16329,Austin,TX
149,Andrew,King,andrew.king@test.net,Procurement,10,149,Main Court,5220,28769,Philadelphia,PA
150,John,Mitchell,john.mitchell@mail.com,Engineering,14,150,Birch Road,9424,51204,Washington,DC
151,Michael,Thompson,michael.thompson@demo.org,Operations,6,151,Cedar Road,4487,67529,San Francisco,CA
152,Joseph,Hernandez,joseph.hernandez@demo.org,Legal,9,152,Sycamore Avenue,3796,28481,Dallas,TX
153,Michael,Wilson,michael.wilson@mail.com,Human Resources,1,153,Sycamore Street,8845,35576,Seattle,WA
154,James,Young,james.young@example.com,Quality Assurance,12,154,Lake Road,9358,68304,Columbus,OH
155,Kimberly,Rodriguez,kimberly.rodriguez@test.net,Procurement,10,155,Cedar Avenue,7282,74651,Columbus,OH
156,Thomas,Garcia,thomas.garcia@mail.com,Legal,9,156,Cedar Lane,1296,19745,San Diego,CA
157,Christopher,Hernandez,christopher.hernandez@demo.org,Legal,9,157,Chestnut Avenue,5158,66803,Los Angeles,CA
158,Michael,Rivera,michael.rivera@demo.org,Research and Development,7,158,Spruce Street,131,27940,San Diego,CA
159,Donna,Harris,donna.harris@mail.com,Research and Development,7,159,Sunset Place,2482,34524,San Francisco,CA
160,Brian,Young,brian.young@demo.org,Finance,5,160,Lake Avenue,8460,10419,San Antonio,TX
161,Margaret,Jones,margaret.jones@test.net,Security,18,161,Sycamore Drive,2919,64808,Los Angeles,CA
162,Kevin,Taylor,kevin.taylor@test.net,Compliance,19,162,Hill Lane,7934,96106,Indianapolis,IN
163,Barbara,Martin,barbara.martin@mail.com,Procurement,10,163,Walnut Place,6426,56809,Washington,DC
164,Steven,Walker,steven.walker@demo.org,Sales,4,164,Hill Avenue,4707,68611,Columbus,OH
165,Christopher,Thomas,christopher.thomas@test.net,Sales,4,165,Washington Place,5225,55557,Houston,TX
166,Kevin,Sanchez,kevin.sanchez@mail.com,Administration,16,166,Walnut Court,3848,48132,New York,NY
167,Sarah,Allen,sarah.allen@mail.com,Engineering,14,167,Oak Lane,4287,63900,Austin,TX
168,Betty,Lewis,betty.lewis@test.net,Product Management,13,168,Sunset Street,4397,38697,San Francisco,CA
169,Nancy,Green,nancy.green@example.com,Procurement,10,169,Chestnut Court,3626,31828,Denver,CO
170,Steven,Wilson,steven.wilson@example.com,Data Analytics,20,170,Sycamore Lane,2118,80748,Washington,DC
171,Mary,Campbell,mary.campbell@example.com,Product Management,13,171,Pine Lane,5779,18318,Seattle,WA
172,Dorothy,Brown,dorothy.brown@mail.com,Quality Assurance,12,172,Spruce Drive,2573,61842,Seattle,WA
173,Amanda,Anderson,amanda.anderson@demo.org,Operations,6,173,Park Lane,6774,82476,San Antonio,TX
174,Brian,Thomas,brian.thomas@example.com,Information Technology,2,174,Maple Avenue,8217,73556,Fort Worth,TX
175,John,Hernandez,john.hernandez@demo.org,Procurement,10,175,Maple Drive,4052,45711,Los Angeles,CA
176,Melissa,Davis,melissa.davis@test.net,Product Management,13,176,Elm Road,1392,19684,Chicago,IL
177,Paul,Campbell,paul.campbell@test.net,Human Resources,1,177,Maple Boulevard,1566,61265,Denver,CO
178,Richard,Hill,richard.hill@demo.org,Logistics,11,178,Center Street,4951,70149,Dallas,TX
179,Richard,Miller,richard.miller@demo.org,Compliance,19,179,Walnut Court,4772,22197,Columbus,OH
180,Joseph,Clark,joseph.clark@demo.org,Administration,16,180,River Drive,6266,75147,New York,NY
181,Brian,Sanchez,brian.sanchez@demo.org,Security,18,181,Cedar Place,3672,13262,Denver,CO
182,Betty,Anderson,betty.anderson@test.net,Quality Assurance,12,182,Walnut Avenue,5090,28844,Austin,TX
183,George,Garcia,george.garcia@example.com,Security,18,183,Washington Drive,8026,42763,Denver,CO
184,Jennifer,Martinez,jennifer.martinez@test.net,Data Analytics,20,184,Walnut Drive,966,43033,San Francisco,CA
185,Anthony,Martin,anthony.martin@demo.org,Finance,5,185,Oak Lane,9263,63285,Washington,DC
186,James,Moore,james.moore@mail.com,Security,18,186,Walnut Place,5129,52183,San Diego,CA
187,Sandra,Rivera,sandra.rivera@test.net,Facilities,17,187,Spruce Avenue,1722,20158,Columbus,OH
188,Matthew,Rodriguez,matthew.rodriguez@example.com,Operations,6,188,Birch Avenue,2723,67357,San Antonio,TX
189,Linda,Williams,linda.williams@test.net,Administration,16,189,Washington Place,2292,64807,Seattle,WA
190,Betty,Smith,betty.smith@demo.org,Sales,4,190,Center Road,4442,52255,Indianapolis,IN
191,Michelle,White,michelle.white@mail.com,Finance,5,191,River Drive,6083,89235,Indianapolis,IN
192,Thomas,Walker,thomas.walker@test.net,Research and Development,7,192,Main Boulevard,2691,72111,Indianapolis,IN
193,James,Lee,james.lee@test.net,Operations,6,193,Elm Place,1099,50873,New York,NY
194,Kevin,Gonzalez,kevin.gonzalez@mail.com,Sales,4,194,Spruce Place,5424,18009,Houston,TX
195,Michelle,Robinson,michelle.robinson@mail.com,Marketing,3,195,Park Drive,5652,35249,New York,NY
196,Sarah,Jackson,sarah.jackson@test.net,Compliance,19,196,River Lane,6608,83546,Dallas,TX
197,Steven,Adams,steven.adams@mail.com,Marketing,3,197,Aspen Boulevard,1688,46698,San Antonio,TX
198,Barbara,Taylor,barbara.taylor@example.com,Finance,5,198,Birch Court,5410,87616,Denver,CO
199,Kenneth,Moore,kenneth.moore@test.net,Research and Development,7,199,Washington Street,3799,21971,San Antonio,TX
200,Michelle,Martinez,michelle.martinez@mail.com,Operations,6,200,Walnut Street,5298,16840,Chicago,IL
201,William,Allen,william.allen@test.net,Engineering,14,201,Walnut Lane,4958,25374,Indianapolis,IN
202,Jessica,Scott,jessica.scott@test.net,Product Management,13,202,Highland Place,5817,78417,San Jose,CA
203,Christopher,King,christopher.king@example.com,Data Analytics,20,203,Lake Boulevard,4551,67310,Phoenix,AZ
204,Emily,Lewis,emily.lewis@test.net,Legal,9,204,Cedar Court,5705,13315,Philadelphia,PA
205,Lisa,Robinson,lisa.robinson@demo.org,Engineering,14,205,Lake Drive,6267,33462,Jacksonville,FL
206,Melissa,Smith,melissa.smith@mail.com,Support,15,206,Park Drive,92,50683,Denver,CO
207,Nancy,Miller,nancy.miller@demo.org,Legal,9,207,Birch Street,9942,14394,Dallas,TX
208,Dorothy,Moore,dorothy.moore@test.net,Product Management,13,208,Oak Road,4493,84996,Los Angeles,CA
209,Mary,Rivera,mary.rivera@test.net,Data Analytics,20,209,Chestnut Place,2848,94875,San Francisco,CA
210,Edward,Wright,edward.wright@example.com,Information Technology,2,210,Park Street,2510,27255,Philadelphia,PA
211,Jennifer,Clark,jennifer.clark@example.com,Information Technology,2,211,Chestnut Street,5149,81314,Houston,TX
212,Sarah,Gonzalez,sarah.gonzalez@example.com,Logistics,11,212,Main Boulevard,9615,77677,Jacksonville,FL
213,James,Nelson,james.nelson@test.net,Engineering,14,213,Oak Avenue,3162,29334,Indianapolis,IN
214,Brian,Moore,brian.moore@example.com,Operations,6,214,Chestnut Street,4515,36041,Washington,DC
215,Kevin,Allen,kevin.allen@test.net,Operations,6,215,Maple Road,4486,55964,Seattle,WA
216,Linda,Perez,linda.perez@test.net,Compliance,19,216,Pine Place,1445,21870,Houston,TX
217,Barbara,Campbell,barbara.campbell@example.com,Operations,6,217,Main Street,2775,38511,New York,NY
218,George,White,george.white@test.net,Marketing,3,218,Hill Road,3131,50696,Phoenix,AZ
219,Patricia,Harris,patricia.harris@demo.org,Operations,6,219,Sunset Boulevard,9258,64261,Austin,TX
220,Joseph,Gonzalez,joseph.gonzalez@demo.org,Research and Development,7,220,Washington Road,4250,44674,Charlotte,NC
221,Jennifer,Young,jennifer.young@demo.org,Compliance,19,221,Park Lane,8570,92709,Charlotte,NC
222,Carol,Hernandez,carol.hernandez@example.com,Compliance,19,222,Highland Boulevard,8814,37611,Denver,CO
223,Kevin,Ramirez,kevin.ramirez@demo.org,Procurement,10,223,Lake Lane,8254,45251,Seattle,WA
224,Jennifer,Allen,jennifer.allen@mail.com,Legal,9,224,Lake Place,4274,25112,Los Angeles,CA
225,Kimberly,Nelson,kimberly.nelson@mail.com,Administration,16,225,Elm Place,9615,58795,Austin,TX
226,Andrew,Harris,andrew.harris@example.com,Logistics,11,226,Cedar Lane,130,65234,Philadelphia,PA
227,Mark,Perez,mark.perez@demo.org,Sales,4,227,Washington Lane,5019,71189,Philadelphia,PA
228,Steven,Lopez,steven.lopez@example.com,Support,15,228,Sycamore Place,9726,67012,Denver,CO
229,Brian,Sanchez,brian.sanchez@test.net,Customer Service,8,229,Sunset Lane,9846,73249,Austin,TX
230,Carol,Sanchez,carol.sanchez@demo.org,Information Technology,2,230,Hill Avenue,6898,45305,Columbus,OH
231,Andrew,Sanchez,andrew.sanchez@example.com,Operations,6,231,Birch Boulevard,4925,78692,Washington,DC
232,Richard,Torres,richard.torres@mail.com,Finance,5,232,Main Street,1482,28541,San Jose,CA
233,Daniel,Robinson,daniel.robinson@test.net,Operations,6,233,Chestnut Street,2417,32553,San Antonio,TX
234,Karen,Martin,karen.martin@example.com,Operations,6,234,Hill Drive,7153,42077,Chicago,IL
235,Elizabeth,Baker,elizabeth.baker@demo.org,Human Resources,1,235,Walnut Boulevard,5648,71708,Houston,TX
236,Emily,Baker,emily.baker@test.net,Research and Development,7,236,Walnut Court,7594,22559,San Diego,CA
237,Matthew,Rodriguez,matthew.rodriguez@demo.org,Finance,5,237,Highland Lane,4640,88241,Columbus,OH
238,Betty,Wright,betty.wright@example.com,Quality Assurance,12,238,Walnut Street,3633,33351,Washington,DC
239,Deborah,Thomas,deborah.thomas@demo.org,Quality Assurance,12,239,Main Street,9817,20127,Fort Worth,TX
240,Dorothy,Anderson,dorothy.anderson@mail.com,Administration,16,240,Lake Street,3461,67068,San Jose,CA
241,Jennifer,Perez,jennifer.perez@test.net,Operations,6,241,Center Boulevard,4669,60700,San Jose,CA
242,Carol,Walker,carol.walker@example.com,Legal,9,242,Center Boulevard,2680,99435,Fort Worth,TX
243,Kimberly,Miller,kimberly.miller@test.net,Marketing,3,243,Park Avenue,6627,31087,New York,NY
244,Christopher,Rodriguez,christopher.rodriguez@test.net,Support,15,244,Maple Place,6582,17144,Columbus,OH
245,Karen,Ramirez,karen.ramirez@demo.org,Sales,4,245,Sycamore Place,8226,72068,Jacksonville,FL
246,Amanda,Perez,amanda.perez@demo.org,Sales,4,246,Washington Court,8712,98436,Fort Worth,TX
247,Jennifer,Martinez,jennifer.martinez@example.com,Logistics,11,247,Aspen Road,3238,90546,Indianapolis,IN
248,Brian,Robinson,brian.robinson@test.net,Information Technology,2,248,Chestnut Road,653,74175,Houston,TX
249,Sandra,White,sandra.white@example.com,Data Analytics,20,249,Park Road,6975,98473,Austin,TX
250,Charles,Johnson,charles.johnson@demo.org,Operations,6,250,River Lane,6834,68559,New York,NY
251,Christopher,Martin,christopher.martin@example.com,Data Analytics,20,251,Cedar Lane,600,61932,Seattle,WA
252,Jessica,Lopez,jessica.lopez@example.com,Security,18,252,Cedar Boulevard,2370,66505,San Francisco,CA
253,Sarah,Thompson,sarah.thompson@test.net,Data Analytics,20,253,Hill Place,666,52806,Chicago,IL
254,Lisa,Williams,lisa.williams@mail.com,Data Analytics,20,254,Cedar Court,8399,54272,Chicago,IL
255,George,Mitchell,george.mitchell@demo.org,Engineering,14,255,Highland Street,3014,95576,Dallas,TX
256,Melissa,Garcia,melissa.garcia@test.net,Sales,4,256,Lake Road,4968,77376,Washington,DC
257,Steven,Thomas,steven.thomas@example.com,Quality Assurance,12,257,Aspen Place,3526,46016,Columbus,OH
258,Melissa,Hall,melissa.hall@mail.com,Legal,9,258,Birch Street,9907,33758,Fort Worth,TX
259,Carol,Jackson,carol.jackson@demo.org,Human Resources,1,259,Center Drive,307,96142,Columbus,OH
260,William,Moore,william.moore@demo.org,Support,15,260,Sycamore Lane,1592,39468,San Diego,CA
261,Mary,Rivera,mary.rivera@demo.org,Customer Service,8,261,Pine Road,9984,87059,Charlotte,NC
262,Anthony,Green,anthony.green@demo.org,Security,18,262,Highland Place,9137,54951,New York,NY
263,Nancy,Lee,nancy.lee@demo.org,Support,15,263,Elm Place,8176,79761,San Antonio,TX
264,Kevin,Hernandez,kevin.hernandez@test.net,Legal,9,264,Highland Street,9361,92756,Chicago,IL
265,Ashley,Scott,ashley.scott@demo.org,Marketing,3,265,Lake Lane,4982,51331,San Jose,CA
266,Donald,Baker,donald.baker@test.net,Human Resources,1,266,Elm Boulevard,5762,66561,Denver,CO
267,Anthony,Johnson,anthony.johnson@demo.org,Security,18,267,Walnut Drive,6149,27261,Seattle,WA
268,Matthew,Hill,matthew.hill@example.com,Sales,4,268,Highland Drive,3463,84808,Houston,TX
269,Charles,Lopez,charles.lopez@mail.com,Product Management,13,269,Spruce Court,5768,64811,San Antonio,TX
270,Kenneth,Moore,kenneth.moore@demo.org,Quality Assurance,12,270,Cedar Lane,8230,79796,Seattle,WA
271,Betty,Anderson,betty.anderson@test.net,Administration,16,271,Chestnut Road,7364,33281,Philadelphia,PA
272,Betty,Jackson,betty.jackson@example.com,Security,18,272,Main Place,2823,60246,Houston,TX
273,Donna,Adams,donna.adams@test.net,Engineering,14,273,Center Drive,476,39385,Washington,DC
274,William,Flores,william.flores@example.com,Data Analytics,20,274,Aspen Court,375,89929,Austin,TX
275,Jessica,Hernandez,jessica.hernandez@test.net,Marketing,3,275,Park Street,9853,82359,Fort Worth,TX
276,Paul,Gonzalez,paul.gonzalez@mail.com,Support,15,276,Park Drive,2871,36186,San Francisco,CA
277,Christopher,Rodriguez,christopher.rodriguez@demo.org,Marketing,3,277,Maple Drive,9464,70187,Charlotte,NC
278,Jessica,Baker,jessica.baker@test.net,Customer Service,8,278,Washington Place,8196,89168,Houston,TX
279,Nancy,Hernandez,nancy.hernandez@mail.com,Support,15,279,Pine Street,530,78126,Columbus,OH
280,Mark,Harris,mark.harris@example.com,Engineering,14,280,Sunset Avenue,9945,13109,Seattle,WA
281,Donald,Walker,donald.walker@example.com,Procurement,10,281,Highland Street,5954,77051,Fort Worth,TX
282,George,Adams,george.adams@test.net,Engineering,14,282,Cedar Avenue,2392,85997,Dallas,TX
283,Edward,Davis,edward.davis@mail.com,Quality Assurance,12,283,Center Lane,2326,73254,San Diego,CA
284,Susan,Taylor,susan.taylor@example.com,Logistics,11,284,Pine Place,8054,44078,San Diego,CA
285,Nancy,Jackson,nancy.jackson@test.net,Logistics,11,285,Chestnut Road,9310,87912,Dallas,TX
286,John,Rodriguez,john.rodriguez@mail.com,Facilities,17,286,River Street,3622,83864,Jacksonville,FL
287,Lisa,Rivera,lisa.rivera@demo.org,Procurement,10,287,Washington Road,7788,98247,Charlotte,NC
288,Charles,Martinez,charles.martinez@mail.com,Finance,5,288,Sycamore Road,6296,93461,Dallas,TX
289,Joseph,Johnson,joseph.johnson@mail.com,Compliance,19,289,River Boulevard,9573,44002,New York,NY
290,Lisa,Campbell,lisa.campbell@test.net,Administration,16,290,Sycamore Boulevard,5640,86957,Phoenix,AZ
291,Paul,Lee,paul.lee@demo.org,Product Management,13,291,Walnut Boulevard,8606,32988,San Francisco,CA
292,Mark,Harris,mark.harris@example.com,Marketing,3,292,Main Drive,5068,39400,San Antonio,TX
293,Elizabeth,Moore,elizabeth.moore@example.com,Research and Development,7,293,Park Place,7526,93707,Denver,CO
294,James,Mitchell,james.mitchell@mail.com,Research and Development,7,294,Park Street,6529,53190,Houston,TX
295,Paul,Jones,paul.jones@demo.org,Security,18,295,Spruce Avenue,918,84278,Charlotte,NC
296,Kimberly,Thomas,kimberly.thomas@mail.com,Legal,9,296,Washington Drive,3742,33256,Charlotte,NC
297,John,Hill,john.hill@demo.org,Security,18,297,Sunset Avenue,3114,27373,Chicago,IL
298,Kimberly,Martin,kimberly.martin@example.com,Research and Development,7,298,Hill Drive,9596,72558,Denver,CO
299,Sandra,Miller,sandra.miller@example.com,Logistics,11,299,Pine Drive,7837,67920,Houston,TX
300,Jennifer,Walker,jennifer.walker@mail.com,Sales,4,300,Spruce Drive,9803,49316,San Francisco,CA
301,Andrew,Smith,andrew.smith@test.net,Sales,4,301,Chestnut Drive,9650,69802,Washington,DC
302,James,Taylor,james.taylor@test.net,Data Analytics,20,302,Sunset Place,2893,76491,Austin,TX
303,Mark,Allen,mark.allen@demo.org,Procurement,10,303,Sunset Drive,5590,98846,Dallas,TX
304,Emily,Allen,emily.allen@demo.org,Support,15,304,Cedar Boulevard,7989,51839,New York,NY
305,Paul,Walker,paul.walker@test.net,Operations,6,305,Washington Avenue,7079,22395,San Jose,CA
306,Donald,Perez,donald.perez@mail.com,Research and Development,7,306,Cedar Drive,3494,75769,San Jose,CA
307,Karen,Lee,karen.lee@test.net,Sales,4,307,River Drive,9356,52436,Phoenix,AZ
308,David,Gonzalez,david.gonzalez@test.net,Operations,6,308,Washington Boulevard,5336,72098,Indianapolis,IN
309,Dorothy,Hill,dorothy.hill@test.net,Legal,9,309,Hill Road,7733,58600,San Jose,CA
310,Elizabeth,Martin,elizabeth.martin@demo.org,Quality Assurance,12,310,Main Place,5047,83831,Columbus,OH
311,Betty,Clark,betty.clark@example.com,Product Management,13,311,Oak Court,5794,69885,Phoenix,AZ
312,Deborah,Moore,deborah.moore@example.com,Research and Development,7,312,Lake Road,4830,13103,Jacksonville,FL
313,Christopher,Ramirez,christopher.ramirez@test.net,Logistics,11,313,Spruce Drive,3523,75921,Washington,DC
314,Donald,Moore,donald.moore@example.com,Marketing,3,314,Hill Boulevard,5333,87717,San Francisco,CA
315,Mark,Williams,mark.williams@test.net,Administration,16,315,Hill Road,9941,59154,Denver,CO
316,Patricia,Miller,patricia.miller@example.com,Logistics,11,316,Sunset Lane,7179,24553,San Jose,CA
317,Mark,Rodriguez,mark.rodriguez@example.com,Logistics,11,317,Center Boulevard,2465,49171,Denver,CO
318,Andrew,Gonzalez,andrew.gonzalez@example.com,Support,15,318,Hill Lane,9384,96598,Seattle,WA
319,Thomas,Scott,thomas.scott@demo.org,Human Resources,1,319,Elm Avenue,5144,68437,Jacksonville,FL
320,Melissa,Wilson,melissa.wilson@mail.com,Logistics,11,320,Chestnut Drive,7550,53648,Jacksonville,FL
321,Richard,Baker,richard.baker@demo.org,Legal,9,321,Sycamore Street,2299,94179,Houston,TX
322,Anthony,Ramirez,anthony.ramirez@test.net,Administration,16,322,Oak Street,8393,12123,Jacksonville,FL
323,Andrew,Ramirez,andrew.ramirez@example.com,Facilities,17,323,Main Place,4631,53745,Denver,CO
324,George,Jones,george.jones@example.com,Compliance,19,324,Pine Avenue,8713,77305,Philadelphia,PA
325,Jennifer,Torres,jennifer.torres@test.net,Data Analytics,20,325,Lake Avenue,7061,71042,Dallas,TX
326,Donald,Mitchell,donald.mitchell@mail.com,Logistics,11,326,Pine Boulevard,9425,69512,Austin,TX
327,Kimberly,Hall,kimberly.hall@test.net,Human Resources,1,327,Highland Road,105,61111,Washington,DC
328,Mary,Smith,mary.smith@mail.com,Logistics,11,328,Center Boulevard,4242,86595,San Diego,CA
329,Carol,Lee,carol.lee@test.net,Research and Development,7,329,Aspen Lane,9452,34752,Phoenix,AZ
330,Deborah,Martinez,deborah.martinez@mail.com,Procurement,10,330,Washington Avenue,430,88895,Seattle,WA
331,John,Rodriguez,john.rodriguez@demo.org,Marketing,3,331,Main Lane,3771,36437,San Antonio,TX
332,Karen,Hernandez,karen.hernandez@test.net,Legal,9,332,Hill Drive,5822,27997,New York,NY
333,Donald,Davis,donald.davis@test.net,Human Resources,1,333,Chestnut Drive,6233,68564,Los Angeles,CA
334,Donald,Sanchez,donald.sanchez@mail.com,Research and Development,7,334,Highland Avenue,1522,76414,Philadelphia,PA
335,Donna,Campbell,donna.campbell@example.com,Operations,6,335,Lake Avenue,8014,56974,Washington,DC
336,Melissa,Lee,melissa.lee@test.net,Research and Development,7,336,Lake Avenue,8306,72649,Jacksonville,FL
337,Thomas,Allen,thomas.allen@example.com,Support,15,337,Maple Street,6227,62469,Columbus,OH
338,Michael,Thompson,michael.thompson@demo.org,Procurement,10,338,Pine Court,4927,21069,San Diego,CA
339,Dorothy,Adams,dorothy.adams@test.net,Administration,16,339,Maple Road,5297,28446,Los Angeles,CA
340,Jessica,Lopez,jessica.lopez@example.com,Finance,5,340,Birch Boulevard,2298,15110,San Francisco,CA
341,Patricia,Hill,patricia.hill@mail.com,Procurement,10,341,Park Court,2581,32599,Columbus,OH
342,Barbara,King,barbara.king@mail.com,Operations,6,342,Park Avenue,2661,75215,New York,NY
343,Susan,Martin,susan.martin@test.net,Quality Assurance,12,343,Sunset Lane,467,53461,New York,NY
344,Mary,Walker,mary.walker@example.com,Finance,5,344,Center Street,8839,88447,Fort Worth,TX
345,Brian,King,brian.king@mail.com,Operations,6,345,Cedar Street,5713,22074,San Diego,CA
346,Anthony,Jones,anthony.jones@example.com,Administration,16,346,Chestnut Court,8794,27616,Charlotte,NC
347,Kenneth,Green,kenneth.green@example.com,Procurement,10,347,Walnut Place,4209,52320,Phoenix,AZ
348,Joshua,Wright,joshua.wright@demo.org,Data Analytics,20,348,Cedar Place,8075,35727,Denver,CO
349,William,Anderson,william.anderson@mail.com,Finance,5,349,Hill Avenue,1554,47001,Fort Worth,TX
350,Michelle,Miller,michelle.miller@mail.com,Customer Service,8,350,Sunset Boulevard,4934,70574,Austin,TX
351,Joshua,Nguyen,joshua.nguyen@demo.org,Finance,5,351,Main Court,6141,85938,Phoenix,AZ
352,Melissa,Williams,melissa.williams@test.net,Information Technology,2,352,Lake Boulevard,235,93182,Phoenix,AZ
353,John,Thomas,john.thomas@mail.com,Product Management,13,353,Main Street,9374,73418,San Francisco,CA
354,Daniel,Gonzalez,daniel.gonzalez@test.net,Support,15,354,Lake Place,4306,67653,Seattle,WA
355,Linda,Mitchell,linda.mitchell@demo.org,Facilities,17,355,Main Lane,3053,54693,Dallas,TX
356,Ashley,Scott,ashley.scott@test.net,Sales,4,356,Main Road,1035,65904,Jacksonville,FL
357,Dorothy,Johnson,dorothy.johnson@mail.com,Sales,4,357,Hill Place,1821,82150,Houston,TX
358,Amanda,Jackson,amanda.jackson@mail.com,Quality Assurance,12,358,River Place,7147,20874,Seattle,WA
359,Paul,Lopez,paul.lopez@test.net,Facilities,17,359,Lake Boulevard,3635,36041,New York,NY
360,Brian,Mitchell,brian.mitchell@demo.org,Facilities,17,360,Sycamore Boulevard,9223,78818,Indianapolis,IN
361,Patricia,Wright,patricia.wright@demo.org,Security,18,361,Hill Boulevard,6136,23125,Philadelphia,PA
362,Carol,Hernandez,carol.hernandez@mail.com,Finance,5,362,Spruce Court,3313,16411,Dallas,TX
363,Betty,Jackson,betty.jackson@test.net,Facilities,17,363,Center Place,7668,27841,Austin,TX
364,Brian,Martin,brian.martin@example.com,Marketing,3,364,Sunset Road,3421,87854,Washington,DC
365,Robert,Brown,robert.brown@test.net,Finance,5,365,Elm Place,2626,61280,San Diego,CA
366,David,Adams,david.adams@test.net,Product Management,13,366,Aspen Drive,4073,19244,Jacksonville,FL
367,Joseph,Moore,joseph.moore@mail.com,Product Management,13,367,Cedar Boulevard,3373,28665,Charlotte,NC
368,Carol,Moore,carol.moore@demo.org,Human Resources,1,368,Cedar Road,8590,92384,Houston,TX
369,Kenneth,Walker,kenneth.walker@mail.com,Support,15,369,River Avenue,8868,69554,Washington,DC
370,Elizabeth,Jones,elizabeth.jones@demo.org,Legal,9,370,Oak Court,4186,92168,Houston,TX
371,Sandra,Ramirez,sandra.ramirez@mail.com,Administration,16,371,River Drive,8567,21609,Houston,TX
372,Brian,Hill,brian.hill@demo.org,Customer Service,8,372,Walnut Court,6909,93631,Los Angeles,CA
373,Michael,Moore,michael.moore@demo.org,Legal,9,373,Birch Lane,6876,56748,Dallas,TX
374,Jennifer,Smith,jennifer.smith@example.com,Administration,16,374,Hill Place,3628,66854,Denver,CO
375,Joshua,Moore,joshua.moore@example.com,Administration,16,375,Spruce Court,9939,97498,Indianapolis,IN
376,Matthew,Williams,matthew.williams@example.com,Compliance,19,376,Cedar Avenue,1925,57277,San Diego,CA
377,Donna,Baker,donna.baker@test.net,Product Management,13,377,Oak Lane,7213,85149,Charlotte,NC
378,Kimberly,Williams,kimberly.williams@test.net,Engineering,14,378,Maple Drive,9289,13164,Philadelphia,PA
379,George,Perez,george.perez@example.com,Procurement,10,379,Center Street,7482,57000,Dallas,TX
380,Carol,Thompson,carol.thompson@demo.org,Customer Service,8,380,Sunset Place,784,70057,Austin,TX
381,Kevin,Green,kevin.green@demo.org,Operations,6,381,Lake Lane,6576,32551,Jacksonville,FL
382,Ashley,Garcia,ashley.garcia@demo.org,Quality Assurance,12,382,Sycamore Drive,5187,23277,San Jose,CA
383,Brian,Garcia,brian.garcia@test.net,Logistics,11,383,Sycamore Place,3051,36496,Fort Worth,TX
384,Thomas,Rivera,thomas.rivera@test.net,Quality Assurance,12,384,Main Place,5923,32091,Philadelphia,PA
385,Christopher,Johnson,christopher.johnson@example.com,Research and Development,7,385,Aspen Road,8293,48824,Seattle,WA
386,Edward,Scott,edward.scott@mail.com,Product Management,13,386,Sycamore Avenue,3255,21867,Chicago,IL
387,Amanda,Hill,amanda.hill@test.net,Legal,9,387,Elm Lane,8730,62003,Jacksonville,FL
388,William,Harris,william.harris@example.com,Procurement,10,388,Sycamore Avenue,5306,68004,San Diego,CA
389,John,Thomas,john.thomas@mail.com,Legal,9,389,Maple Place,3678,42158,San Diego,CA
390,Joseph,Lewis,joseph.lewis@mail.com,Finance,5,390,Maple Road,3993,90244,New York,NY
391,Mark,Lewis,mark.lewis@test.net,Security,18,391,Spruce Drive,6756,77970,Philadelphia,PA
392,Donna,Sanchez,donna.sanchez@test.net,Legal,9,392,Park Road,7067,57777,Jacksonville,FL
393,Jessica,Lee,jessica.lee@demo.org,Marketing,3,393,Elm Lane,4046,85885,Seattle,WA
394,William,Miller,william.miller@test.net,Security,18,394,Main Avenue,9898,55657,San Diego,CA
395,Amanda,Hall,amanda.hall@mail.com,Support,15,395,Sunset Street,7541,67392,Washington,DC
396,Ashley,Nguyen,ashley.nguyen@test.net,Marketing,3,396,Washington Street,9175,83268,Charlotte,NC
397,Dorothy,Brown,dorothy.brown@demo.org,Administration,16,397,Elm Avenue,5807,46187,Chicago,IL
398,Andrew,Taylor,andrew.taylor@example.com,Data Analytics,20,398,Walnut Court,2185,38207,Fort Worth,TX
399,Joshua,Lewis,joshua.lewis@demo.org,Security,18,399,River Lane,3811,76578,Denver,CO
400,Anthony,Martinez,anthony.martinez@demo.org,Human Resources,1,400,Sycamore Street,5872,25687,Denver,CO
401,Deborah,Jones,deborah.jones@example.com,Facilities,17,401,Center Boulevard,3189,88843,San Diego,CA
402,Deborah,Lopez,deborah.lopez@mail.com,Human Resources,1,402,Walnut Avenue,5437,22341,Chicago,IL
403,Betty,Torres,betty.torres@test.net,Engineering,14,403,Highland Place,2270,33984,Austin,TX
404,Michael,Martin,michael.martin@demo.org,Operations,6,404,Center Road,8187,34191,Chicago,IL
405,Thomas,Sanchez,thomas.sanchez@mail.com,Customer Service,8,405,Park Avenue,5566,22324,Charlotte,NC
406,Kimberly,Taylor,kimberly.taylor@example.com,Data Analytics,20,406,Oak Street,6114,32087,Houston,TX
407,James,King,james.king@example.com,Human Resources,1,407,Main Court,5018,84459,New York,NY
408,Andrew,White,andrew.white@example.com,Operations,6,408,Lake Place,2979,38622,Seattle,WA
409,Daniel,Miller,daniel.miller@mail.com,Data Analytics,20,409,Park Boulevard,7221,76496,Philadelphia,PA
410,Elizabeth,Lewis,elizabeth.lewis@example.com,Data Analytics,20,410,Oak Avenue,5107,24126,San Jose,CA
411,Daniel,Baker,daniel.baker@mail.com,Compliance,19,411,Birch Boulevard,1634,35317,San Francisco,CA
412,Kenneth,Martinez,kenneth.martinez@demo.org,Support,15,412,Spruce Court,7339,97648,Houston,TX
413,Emily,Jones,emily.jones@demo.org,Customer Service,8,413,Park Boulevard,3924,34686,San Francisco,CA
414,Betty,Williams,betty.williams@demo.org,Information Technology,2,414,Walnut Avenue,8518,96967,Chicago,IL
415,Dorothy,Lee,dorothy.lee@test.net,Security,18,415,Lake Road,5249,68707,Phoenix,AZ
416,Edward,Gonzalez,edward.gonzalez@demo.org,Engineering,14,416,Highland Court,6178,74286,Chicago,IL
417,Mary,Young,mary.young@example.com,Logistics,11,417,Spruce Place,9989,50094,Fort Worth,TX
418,Ashley,Jackson,ashley.jackson@example.com,Facilities,17,418,Oak Drive,1462,87000,San Jose,CA
419,Melissa,Torres,melissa.torres@mail.com,Logistics,11,419,Oak Street,774,60449,San Jose,CA
420,Richard,Thompson,richard.thompson@example.com,Engineering,14,420,Birch Boulevard,8336,99277,Jacksonville,FL
421,Kevin,Williams,kevin.williams@mail.com,Sales,4,421,Chestnut Boulevard,3631,19563,Austin,TX
422,Amanda,Wilson,amanda.wilson@test.net,Research and Development,7,422,Aspen Street,742,37004,Fort Worth,TX
423,Kevin,Davis,kevin.davis@demo.org,Human Resources,1,423,Hill Lane,2901,39933,Fort Worth,TX
424,Lisa,Sanchez,lisa.sanchez@example.com,Finance,5,424,Elm Drive,4231,99180,Columbus,OH
425,Andrew,Rivera,andrew.rivera@demo.org,Research and Development,7,425,Sunset Court,168,64216,Columbus,OH
426,Matthew,Moore,matthew.moore@mail.com,Administration,16,426,Sunset Street,6480,68868,Los Angeles,CA
427,William,Nelson,william.nelson@mail.com,Marketing,3,427,Cedar Avenue,2604,18716,San Francisco,CA
428,Barbara,Wright,barbara.wright@demo.org,Operations,6,428,Sunset Court,4667,47544,Seattle,WA
429,Charles,Torres,charles.torres@demo.org,Sales,4,429,Cedar Court,3312,82712,Chicago,IL
430,Ashley,Gonzalez,ashley.gonzalez@mail.com,Facilities,17,430,Oak Place,7845,24602,Houston,TX
431,Joseph,Williams,joseph.williams@test.net,Operations,6,431,Pine Avenue,3961,90651,Columbus,OH
432,Lisa,Lewis,lisa.lewis@mail.com,Support,15,432,Sycamore Street,8252,37581,San Antonio,TX
433,Brian,Lee,brian.lee@example.com,Compliance,19,433,Maple Boulevard,5593,33006,Dallas,TX
434,Daniel,Robinson,daniel.robinson@mail.com,Information Technology,2,434,Highland Court,2509,76269,San Jose,CA
435,Robert,Anderson,robert.anderson@mail.com,Research and Development,7,435,Main Place,415,19094,Charlotte,NC
436,Jessica,Hill,jessica.hill@demo.org,Security,18,436,Washington Boulevard,8965,17433,Austin,TX
437,Linda,Baker,linda.baker@example.com,Engineering,14,437,Birch Street,2784,58545,Austin,TX
438,John,Martinez,john.martinez@example.com,Customer Service,8,438,Maple Court,57,17656,Denver,CO
439,Matthew,Torres,matthew.torres@example.com,Customer Service,8,439,Oak Avenue,325,84906,San Francisco,CA
440,Dorothy,Harris,dorothy.harris@demo.org,Data Analytics,20,440,Highland Place,3894,90295,San Francisco,CA
441,Thomas,Thompson,thomas.thompson@test.net,Administration,16,441,Elm Place,8790,39339,Jacksonville,FL
442,Elizabeth,Jackson,elizabeth.jackson@mail.com,Product Management,13,442,Sunset Boulevard,6031,66588,New York,NY
443,Karen,Martinez,karen.martinez@example.com,Support,15,443,Center Drive,6591,92116,Phoenix,AZ
444,Daniel,Wilson,daniel.wilson@test.net,Engineering,14,444,Center Place,7411,60913,Charlotte,NC
445,Sandra,White,sandra.white@demo.org,Logistics,11,445,Highland Boulevard,8683,42244,San Antonio,TX
446,Susan,Rivera,susan.rivera@mail.com,Compliance,19,446,Lake Lane,7592,63504,Seattle,WA
447,Lisa,Adams,lisa.adams@demo.org,Research and Development,7,447,Highland Boulevard,7705,81149,Houston,TX
448,Dorothy,Lewis,dorothy.lewis@demo.org,Data Analytics,20,448,Center Street,3268,54260,San Antonio,TX
449,Emily,Hernandez,emily.hernandez@test.net,Facilities,17,449,Center Boulevard,7258,37060,New York,NY
450,Matthew,Torres,matthew.torres@mail.com,Legal,9,450,Aspen Boulevard,6585,35927,Denver,CO
451,Elizabeth,Clark,elizabeth.clark@demo.org,Support,15,451,Hill Boulevard,7974,90000,Austin,TX
452,Edward,Flores,edward.flores@example.com,Sales,4,452,Pine Avenue,352,16914,New York,NY
453,Nancy,Garcia,nancy.garcia@demo.org,Quality Assurance,12,453,Lake Boulevard,3490,18653,San Jose,CA
454,Lisa,Flores,lisa.flores@demo.org,Compliance,19,454,Chestnut Place,5548,47976,Philadelphia,PA
455,Karen,Miller,karen.miller@mail.com,Finance,5,455,Washington Court,1941,91040,Seattle,WA
456,Anthony,Hernandez,anthony.hernandez@test.net,Legal,9,456,Hill Avenue,2403,22723,Charlotte,NC
457,Edward,Williams,edward.williams@mail.com,Product Management,13,457,Walnut Court,7814,12615,Philadelphia,PA
458,Donna,Hall,donna.hall@demo.org,Support,15,458,Aspen Boulevard,7330,74456,New York,NY
459,Joshua,Torres,joshua.torres@demo.org,Logistics,11,459,Pine Lane,1129,27687,Philadelphia,PA
460,Michelle,Martin,michelle.martin@test.net,Finance,5,460,Cedar Drive,5255,20888,San Jose,CA
461,Daniel,Hill,daniel.hill@test.net,Human Resources,1,461,Sycamore Court,2770,43123,Jacksonville,FL
462,Richard,Allen,richard.allen@demo.org,Facilities,17,462,Maple Place,5220,16817,Philadelphia,PA
463,Dorothy,Thomas,dorothy.thomas@demo.org,Legal,9,463,Chestnut Court,5530,45761,Los Angeles,CA
464,Melissa,Nelson,melissa.nelson@test.net,Marketing,3,464,Main Street,2141,11399,Washington,DC
465,Melissa,Torres,melissa.torres@example.com,Procurement,10,465,Highland Drive,7703,60907,Fort Worth,TX
466,John,Hall,john.hall@demo.org,Product Management,13,466,Main Lane,8399,63371,Columbus,OH
467,Amanda,Perez,amanda.perez@mail.com,Quality Assurance,12,467,Sunset Drive,8009,44953,San Jose,CA
468,Jennifer,Lewis,jennifer.lewis@example.com,Logistics,11,468,Birch Avenue,377,24031,Phoenix,AZ
469,Jessica,Jones,jessica.jones@mail.com,Quality Assurance,12,469,Pine Boulevard,9371,21453,San Diego,CA
470,Robert,Smith,robert.smith@example.com,Logistics,11,470,Sycamore Avenue,2560,92067,Denver,CO
471,Sandra,Green,sandra.green@demo.org,Sales,4,471,Sycamore Avenue,921,36151,Phoenix,AZ
472,Melissa,Garcia,melissa.garcia@mail.com,Marketing,3,472,Pine Street,7094,37553,San Diego,CA
473,Patricia,Rivera,patricia.rivera@example.com,Product Management,13,473,Main Drive,7800,74920,San Antonio,TX
474,Kenneth,Rivera,kenneth.rivera@mail.com,Administration,16,474,River Street,7251,76530,Philadelphia,PA
475,James,Garcia,james.garcia@mail.com,Research and Development,7,475,Sunset Boulevard,8881,34817,Denver,CO
476,Kevin,Davis,kevin.davis@example.com,Research and Development,7,476,Washington Lane,3731,61729,Philadelphia,PA
477,George,Nguyen,george.nguyen@demo.org,Data Analytics,20,477,Center Road,3576,42892,Columbus,OH
478,Daniel,Mitchell,daniel.mitchell@mail.com,Facilities,17,478,Maple Road,4612,18474,Philadelphia,PA
479,Patricia,Jones,patricia.jones@test.net,Quality Assurance,12,479,Oak Court,1310,11572,Charlotte,NC
480,Melissa,Baker,melissa.baker@example.com,Logistics,11,480,Aspen Lane,9921,84606,Chicago,IL
481,Thomas,Campbell,thomas.campbell@demo.org,Support,15,481,Park Place,6070,49353,San Francisco,CA
482,Edward,Young,edward.young@demo.org,Security,18,482,Lake Drive,9622,15596,Philadelphia,PA
483,Kevin,Thompson,kevin.thompson@test.net,Support,15,483,Chestnut Lane,6607,70868,Charlotte,NC
484,Donald,Martinez,donald.martinez@mail.com,Product Management,13,484,Center Street,2285,59998,Austin,TX
485,George,Martinez,george.martinez@test.net,Quality Assurance,12,485,Maple Court,2831,87717,Phoenix,AZ
486,Barbara,Wilson,barbara.wilson@example.com,Human Resources,1,486,Highland Place,2456,54212,Dallas,TX
487,Richard,Johnson,richard.johnson@test.net,Product Management,13,487,Washington Road,9001,39850,Dallas,TX
488,Richard,Young,richard.young@test.net,Engineering,14,488,Center Boulevard,7985,56316,Los Angeles,CA
489,Michael,Jones,michael.jones@demo.org,Administration,16,489,Sycamore Road,2318,77995,San Diego,CA
490,Ashley,Wilson,ashley.wilson@test.net,Administration,16,490,Maple Road,2599,92635,Austin,TX
491,Karen,Baker,karen.baker@test.net,Data Analytics,20,491,Cedar Boulevard,8678,54708,San Jose,CA
492,Brian,White,brian.white@mail.com,Quality Assurance,12,492,Aspen Place,1035,68599,New York,NY
493,Lisa,Clark,lisa.clark@mail.com,Research and Development,7,493,Main Drive,5121,46769,San Francisco,CA
494,Emily,Perez,emily.perez@demo.org,Research and Development,7,494,Elm Lane,9377,87704,San Diego,CA
495,Michelle,Thomas,michelle.thomas@mail.com,Administration,16,495,Aspen Place,318,76972,Austin,TX
496,Michael,Harris,michael.harris@mail.com,Data Analytics,20,496,Main Avenue,8671,70645,San Francisco,CA
497,Kenneth,Campbell,kenneth.campbell@demo.org,Marketing,3,497,Chestnut Court,3166,28754,Dallas,TX
498,Lisa,Brown,lisa.brown@test.net,Customer Service,8,498,Hill Street,5362,91350,Jacksonville,FL
499,Mark,Scott,mark.scott@mail.com,Legal,9,499,Main Place,5148,80295,Washington,DC
500,Richard,Adams,richard.adams@mail.com,Data Analytics,20,500,Sycamore Avenue,4844,35551,Los Angeles,CA
