isbn,name,publication_year,copies_available
978-0-874-78648-5,The Frozen Light,1975,12
978-1-590-87484-4,The Dark Empire,2002,9
978-1-608-16692-2,The Infinite Empire,1969,16
978-1-959-74591-6,The Lost Quest,2000,9
978-1-630-68254-6,The Infinite Quest,1983,19
978-1-553-20263-5,The Lost Empire,1985,15
978-1-984-51905-0,The Enchanted Journey,1953,12
978-0-553-74900-2,The Frozen Forest,2021,9
978-1-422-39752-9,The Hidden Legacy,1953,8
978-1-924-55796-4,The Burning Forest,2011,17
978-0-483-40090-8,The Dark Empire,2018,12
978-1-694-34705-2,The Frozen Memory,1981,14
978-1-410-78794-0,The Hidden Forest,2010,8
978-1-314-17256-4,The Forgotten Legacy,1950,13
978-0-280-43759-0,The Lost Memory,1955,5
978-1-469-77702-3,The Burning Light,2005,7
978-0-398-61716-7,The Hidden Shadow,1984,13
978-1-863-14894-3,The Dark Dream,2012,7
978-1-370-24609-5,The Frozen Dream,1956,19
978-1-937-19150-0,The Forgotten Forest,1972,16
978-1-145-73299-8,The Forgotten Quest,1991,4
978-1-406-77862-4,The Frozen Light,2010,19
978-1-307-77943-3,The Dark Forest,2004,3
978-1-357-38175-5,The Sacred Legacy,1984,16
978-0-975-54747-0,The Lost Dream,2002,2
978-0-878-71255-0,The Infinite Storm,2010,11
978-1-874-71662-0,The Sacred Memory,2019,4
978-0-714-33898-3,The Infinite Memory,1977,19
978-0-230-34589-7,The Sacred Journey,1996,20
978-1-788-23428-3,The Dark Light,2002,17
978-1-109-53839-8,The Silent Light,1958,2
978-1-965-94040-5,The Forgotten Forest,2004,9
978-0-607-14694-7,The Burning Empire,2018,10
978-1-643-45245-8,The Dark Forest,1979,9
978-1-573-37927-6,The Lost Journey,1950,10
978-1-735-26947-7,The Enchanted Storm,1957,20
978-0-293-25425-7,The Burning Storm,1981,13
978-1-351-20840-6,The Sacred Storm,1991,20
978-1-367-45016-0,The Burning Storm,1990,19
978-0-124-36201-2,The Silent Light,1997,14
978-0-965-54863-2,The Infinite Quest,1956,4
978-1-262-37095-0,The Enchanted Quest,2001,13
978-0-324-12795-9,The Enchanted Empire,1995,13
978-1-371-10421-3,The Silent Light,1965,12
978-1-924-17880-2,The Sacred Empire,1970,1
978-0-249-92307-9,The Lost Empire,1961,18
978-1-104-12882-4,The Enchanted Empire,1960,18
978-0-816-15109-6,The Burning Dream,1957,10
978-0-900-14264-9,The Dark Forest,1994,10
978-1-825-68757-3,The Burning Legacy,2006,16
978-1-309-86927-8,The Enchanted Journey,1992,11
978-0-638-23759-5,The Forgotten Storm,1970,16
978-0-980-98931-3,The Burning Dream,2005,9
978-0-700-56535-1,The Burning Legacy,1973,12
978-1-762-71215-6,The Burning Storm,1960,11
978-1-705-15376-3,The Silent Storm,1965,19
978-1-845-91340-5,The Hidden Journey,2014,15
978-1-205-98500-5,The Silent Journey,2015,18
978-1-699-25090-5,The Silent Storm,1967,9
978-1-516-48073-0,The Dark Legacy,1953,15
978-1-709-57331-5,The Lost Quest,1976,12
978-1-620-76948-1,The Silent Storm,1967,5
978-1-549-53219-4,The Sacred Light,2013,16
978-1-481-85290-2,The Lost Journey,1965,5
978-0-626-68638-2,The Hidden Quest,1981,16
978-1-730-15051-0,The Sacred Forest,1986,11
978-1-714-47251-8,The Hidden Quest,2003,15
978-1-836-23831-6,The Infinite Dream,1975,19
978-1-907-65282-7,The Forgotten Dream,1992,12
978-0-451-13915-2,The Sacred Shadow,2007,9
978-0-484-49469-1,The Enchanted Dream,2012,5
978-1-506-57244-3,The Forgotten Journey,1997,4
978-0-382-23529-7,The Silent Forest,1993,10
978-1-444-82834-3,The Hidden Legacy,1995,20
978-1-950-57648-6,The Enchanted Memory,2004,18
978-0-308-58891-7,The Infinite Shadow,2015,2
978-1-876-11019-4,The Frozen Memory,1953,17
978-1-877-16660-4,The Dark Memory,2010,3
978-1-437-99193-7,The Burning Legacy,1970,3
978-1-697-40344-3,The Infinite Storm,1999,2
978-0-991-18987-6,The Silent Storm,2016,17
978-1-761-99026-0,The Forgotten Forest,1997,12
978-0-711-20260-1,The Forgotten Legacy,1976,6
978-0-265-63201-4,The Silent Forest,1974,8
978-0-684-66810-3,The Sacred Quest,1955,6
978-0-781-97701-3,The Burning Storm,2007,17
978-0-770-18229-8,The Burning Quest,1977,17
978-1-390-68955-8,The Forgotten Shadow,2007,14
978-1-354-45778-2,The Silent Storm,1979,10
978-0-290-48528-2,The Infinite Shadow,1987,16
978-1-252-64136-4,The Hidden Forest,1982,15
978-0-884-99682-2,The Sacred Quest,2005,14
978-0-552-87841-5,The Burning Memory,2020,16
978-1-944-49629-4,The Frozen Quest,1971,10
978-1-639-68440-1,The Hidden Journey,1999,20
978-0-912-84584-9,The Lost Empire,1961,11
978-1-927-67299-6,The Hidden Dream,1975,20
978-1-110-30001-6,The Frozen Forest,2021,19
978-1-374-87221-6,The Infinite Shadow,2016,3
978-0-777-80487-2,The Enchanted Quest,1968,8
978-0-372-60293-8,The Sacred Dream,1973,2
978-0-578-37235-3,The Sacred Storm,1984,2
978-1-791-18430-3,The Burning Shadow,2012,10
978-1-607-75725-3,The Silent Journey,1992,11
978-1-802-52670-7,The Infinite Legacy,2008,17
978-1-675-98735-0,The Silent Legacy,1993,3
978-0-505-93519-7,The Infinite Journey,1982,20
978-1-319-64294-3,The Enchanted Light,1954,12
978-1-209-43470-6,The Lost Empire,1982,9
978-0-143-18054-4,The Enchanted Memory,2015,14
978-1-356-69757-1,The Lost Dream,1956,8
978-1-184-92781-9,The Forgotten Quest,2017,12
978-0-923-54607-6,The Lost Memory,1980,8
978-1-972-81739-5,The Silent Storm,1961,9
978-0-290-34353-9,The Burning Light,2004,14
978-0-290-74221-9,The Silent Journey,1966,7
978-0-661-22555-0,The Infinite Forest,2014,20
978-0-854-74364-0,The Silent Legacy,1969,5
978-0-641-45031-5,The Sacred Journey,2002,12
978-0-441-27393-7,The Silent Dream,1994,20
978-1-197-24819-4,The Dark Legacy,2014,7
978-0-419-10817-7,The Sacred Legacy,1965,8
978-0-538-20067-0,The Frozen Dream,1967,4
978-1-662-87027-7,The Hidden Legacy,1975,15
978-0-389-68590-3,The Enchanted Forest,1986,8
978-0-724-26549-7,The Hidden Empire,1961,6
978-1-535-63901-5,The Infinite Forest,1972,8
978-0-511-21330-6,The Lost Legacy,2015,1
978-1-881-29076-4,The Sacred Legacy,1992,11
978-0-531-69887-2,The Silent Empire,2001,16
978-0-247-69597-5,The Forgotten Forest,1950,12
978-1-663-73888-0,The Infinite Quest,1950,11
978-1-177-19305-2,The Forgotten Storm,1961,13
978-1-990-88489-3,The Enchanted Empire,1996,7
978-0-878-40323-0,The Lost Journey,2017,10
978-1-183-64867-5,The Sacred Forest,2006,19
978-1-292-29042-1,The Burning Empire,1954,5
978-1-280-61897-4,The Infinite Storm,1992,11
978-0-687-13217-2,The Silent Journey,1958,3
978-1-827-49948-8,The Burning Forest,1990,4
978-0-721-39013-3,The Hidden Shadow,1996,8
978-0-526-36618-3,The Silent Legacy,2011,12
978-1-298-71009-0,The Silent Quest,2019,10
978-0-515-44543-3,The Sacred Light,1954,5
978-0-905-70610-0,The Hidden Light,1957,4
978-0-449-91579-2,The Burning Empire,1977,19
978-1-194-68861-8,The Lost Shadow,2017,4
978-1-487-89315-7,The Lost Forest,1995,20
978-0-605-41031-9,The Dark Forest,1958,2
978-1-838-57590-9,The Forgotten Shadow,2020,7
978-0-834-95257-1,The Sacred Quest,1977,13
978-1-759-75479-0,The Burning Quest,1982,10
978-0-494-55925-4,The Lost Dream,1992,19
978-0-961-58314-7,The Silent Light,1998,12
978-0-690-44204-6,The Enchanted Forest,2010,18
978-1-535-29294-2,The Sacred Memory,1970,14
978-0-878-26865-6,The Forgotten Memory,2021,14
978-0-857-25406-0,The Frozen Empire,2005,1
978-0-703-46482-9,The Silent Storm,1958,15
978-0-150-35730-2,The Sacred Shadow,1971,17
978-0-452-97598-8,The Sacred Light,2012,16
978-0-186-46376-9,The Sacred Dream,1999,17
978-0-202-23786-9,The Lost Shadow,2001,10
978-1-128-74337-7,The Dark Legacy,1996,13
978-0-707-31920-2,The Silent Legacy,1965,7
978-1-510-41478-9,The Sacred Journey,2017,20
978-0-460-15883-0,The Sacred Legacy,1963,14
978-1-864-44823-8,The Infinite Light,1974,12
978-0-664-27133-1,The Sacred Light,1983,17
978-1-388-75421-7,The Frozen Empire,1997,20
978-1-770-82098-4,The Dark Storm,1980,12
978-1-718-85849-9,The Sacred Memory,1972,12
978-0-891-14731-1,The Frozen Empire,1957,13
978-1-536-93940-9,The Forgotten Dream,1998,16
978-0-691-21671-9,The Infinite Quest,1974,7
978-1-344-98898-0,The Dark Memory,1981,18
978-1-670-38409-0,The Lost Shadow,2017,5
978-1-482-40427-3,The Lost Legacy,1972,14
978-0-154-27793-9,The Hidden Storm,2012,9
978-1-616-26238-1,The Enchanted Storm,1970,13
978-0-397-58285-1,The Sacred Empire,1971,5
978-0-692-38970-1,The Sacred Light,2015,14
978-1-108-42020-9,The Hidden Light,1997,2
978-1-433-73223-7,The Sacred Quest,1960,15
978-1-308-19720-2,The Hidden Empire,1988,11
978-0-458-42458-8,The Forgotten Memory,1992,16
978-1-132-87019-2,The Sacred Dream,1956,20
978-1-627-14540-3,The Infinite Quest,1997,15
978-1-527-34438-9,The Hidden Empire,1975,19
978-0-516-80233-6,The Sacred Forest,2016,18
978-1-432-12172-6,The Frozen Journey,1979,19
978-1-372-23913-0,The Forgotten Forest,1988,5
978-1-898-87726-7,The Hidden Quest,1974,12
978-1-961-86616-2,The Forgotten Forest,1963,17
978-0-617-81525-9,The Infinite Quest,1964,7
978-0-880-92268-9,The Dark Legacy,2007,11
978-0-641-50197-8,The Forgotten Memory,1961,11
978-1-138-34727-4,The Sacred Legacy,2000,2
978-0-991-64006-4,The Enchanted Shadow,1973,10
978-1-431-47202-6,The Enchanted Forest,1972,4
978-0-449-42854-6,The Frozen Dream,1968,8
978-1-104-74250-1,The Sacred Empire,1987,8
978-1-494-60203-0,The Frozen Legacy,1983,16
978-0-838-96768-0,The Infinite Forest,1981,19
978-0-152-67867-9,The Lost Memory,2000,7
978-1-236-19772-4,The Forgotten Dream,1950,6
978-0-398-92982-1,The Sacred Legacy,2001,3
978-1-626-15453-9,The Lost Shadow,1982,3
978-1-376-25970-3,The Dark Empire,2005,13
978-1-848-11616-2,The Burning Legacy,1958,11
978-1-813-51876-8,The Forgotten Light,1962,12
978-1-661-32339-9,The Silent Legacy,1972,10
978-0-274-21225-9,The Forgotten Memory,1986,6
978-1-615-24798-4,The Forgotten Journey,1950,3
978-0-935-77270-5,The Infinite Quest,1974,19
978-0-391-32073-6,The Lost Dream,1950,4
978-0-940-14001-1,The Sacred Journey,1955,5
978-0-734-76334-4,The Hidden Shadow,2014,17
978-1-512-57708-9,The Hidden Storm,1959,18
978-0-574-34460-9,The Forgotten Empire,1999,15
978-1-721-23340-6,The Hidden Journey,1965,11
978-0-914-29599-1,The Burning Forest,1962,4
978-0-163-77814-5,The Enchanted Empire,1963,12
978-1-948-79942-2,The Dark Journey,1973,18
978-1-832-11621-2,The Enchanted Journey,2000,6
978-1-588-20705-3,The Enchanted Forest,1967,11
978-0-955-43179-2,The Dark Storm,2004,15
978-0-933-68744-7,The Infinite Forest,1989,5
978-0-767-93162-9,The Burning Light,2004,13
978-1-409-16790-8,The Sacred Light,1967,3
978-0-559-95234-5,The Enchanted Journey,1956,1
978-0-952-38660-0,The Lost Memory,1952,20
978-1-248-47179-7,The Enchanted Legacy,1985,6
978-1-454-47924-1,The Infinite Storm,1976,19
978-0-597-66937-3,The Frozen Storm,1990,6
978-0-668-96188-1,The Burning Dream,2015,19
978-0-490-94948-3,The Enchanted Light,2020,14
978-0-589-15207-4,The Enchanted Empire,1995,15
978-0-180-78296-9,The Frozen Legacy,1980,3
978-0-842-65886-9,The Frozen Dream,1960,7
978-1-355-50954-7,The Silent Legacy,1950,16
978-0-607-72847-5,The Silent Storm,2020,10
978-1-774-85742-9,The Frozen Shadow,1975,12
978-1-486-76134-6,The Infinite Dream,1959,8
978-0-931-52644-9,The Lost Memory,1982,18
978-1-857-57054-4,The Enchanted Dream,1997,19
978-1-444-23214-3,The Dark Forest,1991,20
978-0-459-48554-1,The Frozen Shadow,1976,12
978-0-865-23041-0,The Frozen Shadow,2013,10
978-1-209-98149-3,The Infinite Empire,2001,12
978-0-973-53932-0,The Hidden Memory,2012,8
978-1-245-28437-3,The Hidden Dream,2003,16
978-1-989-15182-3,The Enchanted Empire,2019,4
978-0-628-20509-7,The Forgotten Storm,1979,12
978-1-790-68080-5,The Enchanted Memory,1959,6
978-1-867-51572-9,The Infinite Empire,2013,7
978-0-189-50083-9,The Dark Empire,1963,1
978-1-265-41553-0,The Infinite Legacy,1983,1
978-0-340-79802-1,The Burning Forest,1981,14
978-1-660-58788-1,The Silent Forest,1966,3
978-0-411-19935-4,The Silent Storm,1961,15
978-0-237-77868-4,The Infinite Memory,2004,18
978-1-645-68407-3,The Enchanted Memory,1986,19
978-1-982-11408-3,The Enchanted Forest,1985,7
978-1-780-74956-4,The Dark Empire,1989,10
978-0-206-15686-6,The Lost Memory,1955,1
978-1-963-61786-0,The Forgotten Forest,1987,4
978-0-224-40724-5,The Lost Legacy,2008,19
978-1-236-16202-7,The Enchanted Dream,1979,20
978-1-533-70850-2,The Forgotten Light,1998,3
978-1-832-82577-7,The Sacred Shadow,2010,15
978-1-985-18331-3,The Burning Light,2009,3
978-0-908-37929-9,The Burning Memory,2018,19
978-0-729-69830-2,The Silent Journey,2014,16
978-0-139-46033-5,The Forgotten Quest,1982,11
978-1-857-75705-6,The Burning Memory,2008,8
978-1-216-80588-8,The Silent Light,2001,10
978-0-353-92100-1,The Lost Light,1990,17
978-1-734-35258-9,The Forgotten Storm,1991,8
978-1-837-28377-0,The Lost Journey,1989,20
978-0-885-40872-9,The Enchanted Light,1960,19
978-1-357-14075-6,The Dark Storm,1990,14
978-1-108-28385-0,The Sacred Memory,1995,7
978-1-672-96078-4,The Enchanted Forest,1994,12
978-1-836-54115-3,The Lost Journey,1986,2
978-1-877-77652-9,The Infinite Light,2009,17
978-0-759-27750-1,The Silent Forest,2008,5
978-0-383-12839-9,The Hidden Light,1958,4
978-0-402-62760-1,The Sacred Legacy,2012,18
978-0-386-22422-0,The Hidden Storm,2004,14
978-1-183-78395-6,The Hidden Journey,1969,14
978-0-888-48318-4,The Sacred Forest,1983,19
978-1-581-20769-1,The Silent Memory,2014,15
978-1-897-11806-3,The Dark Dream,1991,15
978-0-809-47390-4,The Dark Forest,2009,8
978-0-415-59310-6,The Burning Quest,2011,9
978-0-872-38021-0,The Hidden Empire,2015,4
978-1-552-91831-9,The Burning Quest,1968,9
978-1-961-85184-2,The Hidden Light,1952,10
978-0-207-99140-3,The Silent Memory,2015,14
978-1-350-27812-3,The Forgotten Journey,1995,13
978-1-199-76860-1,The Enchanted Light,1997,20
978-0-936-72210-0,The Silent Empire,1984,8
978-1-377-35927-2,The Lost Shadow,2010,10
978-0-932-53332-3,The Infinite Dream,1990,3
978-0-310-26183-1,The Lost Journey,1963,3
978-0-706-13541-2,The Silent Shadow,1951,16
978-0-353-62692-9,The Dark Forest,1954,12
978-0-280-19881-4,The Hidden Dream,2004,15
978-0-866-57911-3,The Burning Journey,1967,11
978-1-222-26212-6,The Forgotten Legacy,1989,9
978-0-523-21176-8,The Hidden Legacy,1990,7
978-1-881-51514-8,The Enchanted Shadow,2017,5
978-1-161-79973-1,The Hidden Quest,1989,2
978-0-918-35100-2,The Dark Legacy,2021,12
978-0-945-55588-8,The Silent Empire,1992,6
978-0-444-13672-7,The Lost Forest,2013,17
978-0-699-99931-7,The Dark Legacy,1983,10
978-0-466-33702-4,The Sacred Light,2012,16
978-1-392-45844-9,The Infinite Journey,1981,2
978-1-537-47003-0,The Silent Shadow,1951,13
978-0-499-49013-8,The Infinite Dream,2008,12
978-1-921-37248-7,The Sacred Quest,1979,18
978-1-767-48044-6,The Silent Quest,1962,5
978-0-122-43313-0,The Sacred Dream,1996,9
978-1-848-35967-9,The Infinite Forest,1961,14
978-0-687-90543-3,The Enchanted Journey,2009,1
978-1-677-28785-6,The Enchanted Legacy,1963,16
978-1-306-26302-6,The Silent Empire,1966,12
978-0-764-40295-9,The Hidden Empire,2015,17
978-1-373-30257-7,The Burning Quest,1995,5
978-0-537-21902-7,The Frozen Journey,2003,9
978-1-917-50146-9,The Lost Quest,1995,15
978-0-277-68802-3,The Forgotten Light,1986,5
978-1-846-23955-8,The Dark Dream,1968,9
978-0-265-37954-9,The Dark Shadow,1966,16
978-1-204-70511-6,The Hidden Forest,1985,2
978-1-845-61044-5,The Lost Memory,1960,6
978-1-336-76144-1,The Forgotten Forest,1994,1
978-0-824-27204-8,The Frozen Dream,1954,16
978-1-795-93418-5,The Frozen Legacy,1971,17
978-0-552-65050-7,The Sacred Journey,1973,7
978-0-425-44733-3,The Dark Light,1974,5
978-1-632-38304-9,The Infinite Quest,1973,3
978-1-222-15382-0,The Enchanted Shadow,1950,16
978-1-874-31644-1,The Hidden Empire,1982,17
978-1-998-84612-6,The Lost Empire,2013,3
978-1-465-72443-3,The Forgotten Forest,1995,6
978-0-673-84421-8,The Dark Memory,2021,15
978-0-131-97197-9,The Lost Forest,2010,20
978-0-961-40531-7,The Sacred Empire,1963,5
978-1-297-46065-1,The Hidden Storm,1993,2
978-0-800-69489-5,The Frozen Forest,2017,5
978-1-657-12429-0,The Frozen Forest,2010,5
978-0-128-83501-7,The Forgotten Dream,1965,17
978-1-455-33591-3,The Frozen Legacy,2002,2
978-0-340-37486-1,The Lost Quest,2016,15
978-1-217-70325-5,The Sacred Quest,1953,7
978-0-301-11803-8,The Burning Storm,1957,14
978-0-719-47094-1,The Sacred Legacy,1951,6
978-1-224-38971-0,The Silent Light,2015,18
978-1-605-95147-5,The Burning Light,1991,11
978-1-105-87031-5,The Frozen Memory,1988,11
978-0-403-91082-7,The Enchanted Empire,2000,14
978-1-793-61556-2,The Sacred Dream,2014,14
978-1-206-80802-1,The Hidden Dream,1955,10
978-0-766-82540-4,The Lost Forest,1983,13
978-0-208-73831-6,The Hidden Empire,1987,20
978-0-978-85234-4,The Forgotten Shadow,1998,15
978-1-134-67883-8,The Burning Shadow,2015,12
978-1-557-45485-9,The Forgotten Memory,1956,13
978-1-568-94031-2,The Infinite Journey,1961,17
978-1-739-40952-9,The Sacred Storm,1990,7
978-1-584-16866-1,The Enchanted Journey,1977,4
978-1-858-44861-5,The Frozen Storm,1968,9
978-0-549-81641-0,The Hidden Light,1950,10
978-0-594-92348-9,The Dark Shadow,1994,3
978-1-482-61630-9,The Enchanted Shadow,1967,2
978-0-784-30845-7,The Dark Legacy,2013,4
978-0-472-61038-7,The Enchanted Memory,1969,8
978-0-127-82426-5,The Sacred Storm,1994,19
978-0-476-40687-2,The Hidden Dream,1993,13
978-1-120-10905-9,The Burning Forest,1992,16
978-0-517-95637-9,The Silent Empire,1953,7
978-1-174-42229-6,The Lost Empire,1966,19
978-1-544-80268-4,The Frozen Quest,2006,15
978-0-854-75317-0,The Infinite Forest,1953,16
978-1-486-23017-4,The Dark Empire,2006,2
978-0-902-46408-9,The Forgotten Light,1989,10
978-0-496-83376-7,The Forgotten Shadow,1980,17
978-1-547-34439-1,The Lost Light,2012,10
978-0-856-52602-4,The Lost Storm,2005,14
978-0-636-29561-4,The Burning Light,1989,3
978-1-274-74098-8,The Lost Empire,1958,9
978-0-843-89214-8,The Burning Light,1972,14
978-0-825-43847-9,The Enchanted Memory,1970,5
978-0-830-38678-9,The Frozen Storm,1970,4
978-1-676-13120-0,The Sacred Memory,1977,5
978-0-396-45796-8,The Hidden Legacy,2003,15
978-1-172-57628-4,The Forgotten Light,1998,13
978-0-403-51372-6,The Burning Quest,1979,19
978-0-201-62673-4,The Lost Light,2001,16
978-1-869-62363-5,The Sacred Shadow,1999,13
978-1-592-61648-0,The Burning Legacy,1966,1
978-1-970-93985-2,The Frozen Shadow,1989,11
978-1-289-19254-7,The Lost Forest,1986,19
978-1-641-27610-9,The Burning Storm,2012,5
978-1-469-49201-4,The Enchanted Dream,1950,14
978-0-803-82615-5,The Silent Shadow,1971,20
978-1-902-99055-3,The Burning Shadow,1985,2
978-0-489-72777-2,The Hidden Shadow,2005,7
978-0-351-31263-1,The Hidden Empire,1957,7
978-0-657-34892-9,The Dark Empire,1952,3
978-0-214-76625-4,The Silent Shadow,1995,9
978-1-451-78559-7,The Lost Legacy,1967,10
978-1-257-84647-6,The Forgotten Legacy,1959,9
978-0-521-89772-7,The Hidden Legacy,2008,17
978-0-424-19549-7,The Frozen Storm,1975,17
978-1-829-21664-3,The Lost Legacy,2000,14
978-1-997-42432-3,The Burning Quest,1995,18
978-1-780-42812-1,The Sacred Storm,1968,11
978-1-147-26078-9,The Frozen Quest,1964,14
978-0-370-65649-9,The Hidden Light,2003,6
978-0-502-99653-8,The Hidden Dream,2005,17
978-1-956-25325-7,The Frozen Light,1974,14
978-1-678-89456-0,The Forgotten Forest,1966,16
978-0-721-17618-9,The Lost Dream,1951,7
978-1-262-23219-2,The Forgotten Legacy,1959,19
978-0-749-45915-5,The Infinite Dream,1989,9
978-1-805-33969-2,The Silent Memory,2000,11
978-1-517-38451-3,The Frozen Empire,1995,2
978-0-394-34721-2,The Infinite Dream,1991,8
978-0-383-11899-3,The Silent Light,1990,11
978-1-167-98154-4,The Enchanted Forest,1968,10
978-1-294-55419-0,The Sacred Journey,1997,1
978-0-855-42342-2,The Burning Forest,2009,1
978-0-371-45367-0,The Hidden Empire,1961,1
978-0-579-73467-1,The Burning Dream,1980,11
978-0-232-74089-7,The Dark Light,2005,12
978-1-363-67781-6,The Forgotten Light,1966,15
978-1-587-39522-5,The Lost Journey,2021,4
978-1-579-22756-2,The Infinite Shadow,2004,4
978-1-799-42383-9,The Dark Quest,1966,20
978-1-283-70643-0,The Enchanted Memory,1994,2
978-0-312-43381-3,The Dark Quest,1956,14
978-0-583-91098-8,The Frozen Legacy,2014,6
978-1-931-68518-7,The Dark Empire,1958,5
978-0-326-68972-1,The Frozen Memory,1968,15
978-1-713-41774-9,The Lost Legacy,2009,3
978-1-921-33692-1,The Forgotten Shadow,1973,6
978-0-953-61327-5,The Frozen Memory,1955,1
978-1-954-42955-3,The Infinite Journey,1977,13
978-1-397-42896-3,The Enchanted Quest,2003,19
978-0-358-29314-2,The Silent Forest,2009,5
978-0-552-62163-8,The Dark Legacy,1970,15
978-0-967-92208-8,The Sacred Storm,1990,16
978-0-157-88850-3,The Dark Storm,1997,7
978-0-114-15714-9,The Silent Forest,2004,7
978-0-450-77433-6,The Sacred Light,1992,10
978-1-478-82289-6,The Forgotten Light,1971,18
978-1-573-95750-0,The Dark Journey,1985,14
978-0-325-34092-4,The Infinite Legacy,2002,17
978-1-942-18527-5,The Hidden Shadow,1975,11
978-0-576-50974-7,The Dark Legacy,1958,17
978-1-210-75496-6,The Frozen Shadow,1995,19
978-1-693-63528-5,The Infinite Forest,1955,8
978-0-558-51258-2,The Enchanted Quest,2000,9
978-1-752-28307-1,The Silent Quest,1970,6
978-0-433-22134-4,The Lost Legacy,2011,19
978-1-959-35947-7,The Enchanted Empire,2012,13
978-1-146-45784-1,The Hidden Dream,2004,10
978-0-158-34233-9,The Sacred Forest,2019,3
978-0-909-73791-2,The Enchanted Quest,2021,5
978-0-116-91255-3,The Lost Dream,1989,7
978-0-270-89607-5,The Silent Memory,1989,19
978-1-236-83006-4,The Silent Light,2005,19
978-1-302-89096-0,The Burning Light,2018,7
978-1-869-75382-6,The Sacred Quest,1953,2
978-1-617-30424-4,The Hidden Shadow,2005,13
978-1-722-50449-8,The Dark Shadow,1950,19
978-1-315-77900-6,The Burning Dream,1995,1
978-1-443-85927-2,The Lost Shadow,1971,19
978-1-911-34164-6,The Infinite Quest,1968,7
978-0-435-68710-2,The Sacred Empire,1988,14
978-0-584-17189-4,The Sacred Dream,1974,8
978-1-753-42952-6,The Infinite Shadow,1963,2
978-1-202-49093-9,The Infinite Memory,2019,2
978-1-990-77266-6,The Enchanted Storm,2020,13
978-1-730-32204-4,The Hidden Quest,1982,1
978-0-796-95198-9,The Lost Memory,2016,14
978-1-527-21361-3,The Hidden Journey,1956,18
978-0-812-95953-3,The Forgotten Storm,1981,18
978-0-224-61778-9,The Dark Journey,2010,14
978-0-923-27723-3,The Sacred Light,1981,20
978-0-193-98270-2,The Enchanted Forest,1959,13
978-0-198-75689-5,The Enchanted Forest,1950,5
978-0-693-23029-5,The Enchanted Empire,1959,7
978-0-933-61770-3,The Forgotten Journey,1950,19
978-0-181-32015-7,The Silent Dream,1981,4
978-1-595-34549-0,The Forgotten Dream,1994,20
