pid,name,email,area
1777,River Flores,river.flores.1777@example.org,Cloud Computing
537,Ava Martinez,ava.martinez.537@example.org,Cloud Computing
1305,Casey Scott,casey.scott.1305@example.org,Security
268,Skyler Clark,skyler.clark.268@example.org,Theory
684,Liam Hill,liam.hill.684@example.org,Systems
8,Drew Garcia,drew.garcia.8@example.org,Theory
91,Amelia Nguyen,amelia.nguyen.91@example.org,Graphics
567,Reese Martin,reese.martin.567@example.org,HCI
1681,Logan Moore,logan.moore.1681@example.org,Machine Learning
1300,Alex Miller,alex.miller.1300@example.org,Databases
1949,Leo Baker,leo.baker.1949@example.org,Software Engineering
105,Casey Scott,casey.scott.105@example.org,Security
1817,Reese Martin,reese.martin.1817@example.org,Cloud Computing
1770,Finley Green,finley.green.1770@example.org,Robotics
1036,Olivia Johnson,olivia.johnson.1036@example.org,Data Mining
541,Amelia Nguyen,amelia.nguyen.541@example.org,Machine Learning
1299,Leo Baker,leo.baker.1299@example.org,AR/VR
1408,Drew Garcia,drew.garcia.1408@example.org,Theory
417,Reese Martin,reese.martin.417@example.org,Cloud Computing
703,Taylor Perez,taylor.perez.703@example.org,NLP
1470,Finley Green,finley.green.1470@example.org,Robotics
432,Noah Harris,noah.harris.432@example.org,Bioinformatics
1239,Isabella White,isabella.white.1239@example.org,AR/VR
578,Shawn Campbell,shawn.campbell.578@example.org,IoT
558,Drew Garcia,drew.garcia.558@example.org,IoT
1954,Jordan Lewis,jordan.lewis.1954@example.org,Compilers
1816,Harper Gonzalez,harper.gonzalez.1816@example.org,Data Mining
1521,Sage Mitchell,sage.mitchell.1521@example.org,Machine Learning
220,Finley Green,finley.green.220@example.org,Databases
237,Ava Martinez,ava.martinez.237@example.org,Cloud Computing
1942,Ethan Hall,ethan.hall.1942@example.org,Computer Vision
276,Phoenix Allen,phoenix.allen.276@example.org,Data Mining
213,Quinn Adams,quinn.adams.213@example.org,Distributed Systems
1359,Morgan Wilson,morgan.wilson.1359@example.org,AR/VR
614,Elliot Carter,elliot.carter.614@example.org,Compilers
1136,Olivia Johnson,olivia.johnson.1136@example.org,Data Mining
1368,Skyler Clark,skyler.clark.1368@example.org,Theory
17,Reese Martin,reese.martin.17@example.org,Cloud Computing
1818,Skyler Clark,skyler.clark.1818@example.org,IoT
1340,Mia Walker,mia.walker.1340@example.org,Databases
1253,Taylor Perez,taylor.perez.1253@example.org,Distributed Systems
620,Finley Green,finley.green.620@example.org,Databases
1441,Amelia Nguyen,amelia.nguyen.1441@example.org,Machine Learning
1113,Quinn Adams,quinn.adams.1113@example.org,Distributed Systems
1728,Shawn Campbell,shawn.campbell.1728@example.org,Theory
1800,Alex Miller,alex.miller.1800@example.org,Databases
584,Liam Hill,liam.hill.584@example.org,Systems
757,Cameron Roberts,cameron.roberts.757@example.org,Cloud Computing
501,Sam Davis,sam.davis.501@example.org,Machine Learning
1598,Daniel Torres,daniel.torres.1598@example.org,IoT
715,Rowan Jones,rowan.jones.715@example.org,Information Retrieval
272,Emerson Brown,emerson.brown.272@example.org,Bioinformatics
1572,Emerson Brown,emerson.brown.1572@example.org,Bioinformatics
1037,Ava Martinez,ava.martinez.1037@example.org,Cloud Computing
437,Ava Martinez,ava.martinez.437@example.org,Cloud Computing
1102,Jamie Anderson,jamie.anderson.1102@example.org,Computer Vision
151,Sam Davis,sam.davis.151@example.org,Graphics
205,Casey Scott,casey.scott.205@example.org,Security
1154,Jordan Lewis,jordan.lewis.1154@example.org,Compilers
1273,Hayden Lopez,hayden.lopez.1273@example.org,Distributed Systems
939,Isabella White,isabella.white.939@example.org,AR/VR
20,Finley Green,finley.green.20@example.org,Databases
149,Leo Baker,leo.baker.149@example.org,Software Engineering
1540,Mia Walker,mia.walker.1540@example.org,Databases
1579,Devin Williams,devin.williams.1579@example.org,AR/VR
937,Ava Martinez,ava.martinez.937@example.org,Cloud Computing
615,Rowan Jones,rowan.jones.615@example.org,Information Retrieval
1322,Emerson Brown,emerson.brown.1322@example.org,Computer Vision
1731,Logan Moore,logan.moore.1731@example.org,Graphics
269,Parker King,parker.king.269@example.org,Software Engineering
1858,Drew Garcia,drew.garcia.1858@example.org,IoT
1633,Mason Young,mason.young.1633@example.org,Distributed Systems
489,Isabella White,isabella.white.489@example.org,Software Engineering
644,Benjamin Rodriguez,benjamin.rodriguez.644@example.org,Systems
1973,Hayden Lopez,hayden.lopez.1973@example.org,Distributed Systems
1372,Emerson Brown,emerson.brown.1372@example.org,Bioinformatics
419,Parker King,parker.king.419@example.org,AR/VR
535,Emma Rivera,emma.rivera.535@example.org,Information Retrieval
648,Daniel Torres,daniel.torres.648@example.org,Theory
1071,Sage Mitchell,sage.mitchell.1071@example.org,Graphics
1158,Drew Garcia,drew.garcia.1158@example.org,IoT
1842,Ethan Hall,ethan.hall.1842@example.org,Computer Vision
1347,Jack Robinson,jack.robinson.1347@example.org,HCI
859,Morgan Wilson,morgan.wilson.859@example.org,AR/VR
168,Skyler Clark,skyler.clark.168@example.org,Theory
1269,Parker King,parker.king.1269@example.org,Software Engineering
82,Noah Harris,noah.harris.82@example.org,Computer Vision
1218,Skyler Clark,skyler.clark.1218@example.org,IoT
1186,Olivia Johnson,olivia.johnson.1186@example.org,Networks
505,Casey Scott,casey.scott.505@example.org,Security
1167,Reese Martin,reese.martin.1167@example.org,HCI
246,Sebastian Thompson,sebastian.thompson.246@example.org,Networks
827,River Flores,river.flores.827@example.org,HCI
482,Noah Harris,noah.harris.482@example.org,Computer Vision
1383,Mason Young,mason.young.1383@example.org,NLP
140,Mia Walker,mia.walker.140@example.org,Databases
1219,Parker King,parker.king.1219@example.org,AR/VR
141,Amelia Nguyen,amelia.nguyen.141@example.org,Machine Learning
381,Logan Moore,logan.moore.381@example.org,Machine Learning
165,Rowan Jones,rowan.jones.165@example.org,Security
1041,Amelia Nguyen,amelia.nguyen.1041@example.org,Machine Learning
117,Reese Martin,reese.martin.117@example.org,Cloud Computing
323,Hayden Lopez,hayden.lopez.323@example.org,NLP
1088,Sophia Taylor,sophia.taylor.1088@example.org,Theory
1030,Kendall Hernandez,kendall.hernandez.1030@example.org,Robotics
977,River Flores,river.flores.977@example.org,Cloud Computing
1197,Jack Robinson,jack.robinson.1197@example.org,Cloud Computing
103,Taylor Perez,taylor.perez.103@example.org,NLP
118,Skyler Clark,skyler.clark.118@example.org,IoT
643,Lucas Smith,lucas.smith.643@example.org,NLP
1532,Noah Harris,noah.harris.1532@example.org,Bioinformatics
1755,Casey Scott,casey.scott.1755@example.org,Information Retrieval
1111,Charlie Ramirez,charlie.ramirez.1111@example.org,Graphics
1507,Cameron Roberts,cameron.roberts.1507@example.org,HCI
1187,Ava Martinez,ava.martinez.1187@example.org,HCI
120,Finley Green,finley.green.120@example.org,Databases
446,Sebastian Thompson,sebastian.thompson.446@example.org,Networks
608,Drew Garcia,drew.garcia.608@example.org,Theory
389,Isabella White,isabella.white.389@example.org,Software Engineering
318,Skyler Clark,skyler.clark.318@example.org,IoT
997,Jack Robinson,jack.robinson.997@example.org,Cloud Computing
1472,Emerson Brown,emerson.brown.1472@example.org,Bioinformatics
1356,Riley Nelson,riley.nelson.1356@example.org,Data Mining
1139,Isabella White,isabella.white.1139@example.org,AR/VR
1605,Casey Scott,casey.scott.1605@example.org,Security
1497,Jack Robinson,jack.robinson.1497@example.org,Cloud Computing
1427,River Flores,river.flores.1427@example.org,HCI
1741,Amelia Nguyen,amelia.nguyen.1741@example.org,Machine Learning
585,Emma Rivera,emma.rivera.585@example.org,Security
932,Noah Harris,noah.harris.932@example.org,Bioinformatics
1608,Drew Garcia,drew.garcia.1608@example.org,Theory
1606,Riley Nelson,riley.nelson.1606@example.org,Networks
544,Benjamin Rodriguez,benjamin.rodriguez.544@example.org,Systems
800,Alex Miller,alex.miller.800@example.org,Databases
5,Casey Scott,casey.scott.5@example.org,Security
777,River Flores,river.flores.777@example.org,Cloud Computing
338,Sophia Taylor,sophia.taylor.338@example.org,IoT
1710,Robin Lee,robin.lee.1710@example.org,Robotics
1869,Parker King,parker.king.1869@example.org,Software Engineering
438,Sophia Taylor,sophia.taylor.438@example.org,IoT
986,Olivia Johnson,olivia.johnson.986@example.org,Networks
1700,Alex Miller,alex.miller.1700@example.org,Databases
833,Mason Young,mason.young.833@example.org,Distributed Systems
341,Amelia Nguyen,amelia.nguyen.341@example.org,Machine Learning
485,Emma Rivera,emma.rivera.485@example.org,Security
1544,Benjamin Rodriguez,benjamin.rodriguez.1544@example.org,Systems
1981,Logan Moore,logan.moore.1981@example.org,Machine Learning
31,Logan Moore,logan.moore.31@example.org,Graphics
1108,Drew Garcia,drew.garcia.1108@example.org,Theory
1336,Olivia Johnson,olivia.johnson.1336@example.org,Data Mining
104,Jordan Lewis,jordan.lewis.104@example.org,Systems
201,Sam Davis,sam.davis.201@example.org,Machine Learning
1128,Shawn Campbell,shawn.campbell.1128@example.org,Theory
908,Drew Garcia,drew.garcia.908@example.org,Theory
155,Casey Scott,casey.scott.155@example.org,Information Retrieval
512,Avery Wright,avery.wright.512@example.org,Bioinformatics
948,Daniel Torres,daniel.torres.948@example.org,Theory
1702,Jamie Anderson,jamie.anderson.1702@example.org,Computer Vision
376,Phoenix Allen,phoenix.allen.376@example.org,Data Mining
1825,Lennon Sanchez,lennon.sanchez.1825@example.org,Security
288,Sophia Taylor,sophia.taylor.288@example.org,Theory
919,Parker King,parker.king.919@example.org,AR/VR
1937,Ava Martinez,ava.martinez.1937@example.org,Cloud Computing
1687,Ava Martinez,ava.martinez.1687@example.org,HCI
393,Lucas Smith,lucas.smith.393@example.org,Distributed Systems
510,Robin Lee,robin.lee.510@example.org,Robotics
224,Dakota Jackson,dakota.jackson.224@example.org,Systems
1640,Mia Walker,mia.walker.1640@example.org,Databases
695,Henry Thomas,henry.thomas.695@example.org,Information Retrieval
1492,Ethan Hall,ethan.hall.1492@example.org,Bioinformatics
825,Lennon Sanchez,lennon.sanchez.825@example.org,Security
125,Lennon Sanchez,lennon.sanchez.125@example.org,Security
202,Jamie Anderson,jamie.anderson.202@example.org,Computer Vision
1324,Dakota Jackson,dakota.jackson.1324@example.org,Systems
1339,Isabella White,isabella.white.1339@example.org,AR/VR
1380,Kendall Hernandez,kendall.hernandez.1380@example.org,Databases
111,Charlie Ramirez,charlie.ramirez.111@example.org,Graphics
1890,Mia Walker,mia.walker.1890@example.org,Robotics
957,Cameron Roberts,cameron.roberts.957@example.org,Cloud Computing
842,Ethan Hall,ethan.hall.842@example.org,Computer Vision
868,Skyler Clark,skyler.clark.868@example.org,Theory
726,Phoenix Allen,phoenix.allen.726@example.org,Networks
883,Mason Young,mason.young.883@example.org,NLP
1350,Alex Miller,alex.miller.1350@example.org,Robotics
1947,Jack Robinson,jack.robinson.1947@example.org,HCI
194,Benjamin Rodriguez,benjamin.rodriguez.194@example.org,Compilers
390,Mia Walker,mia.walker.390@example.org,Robotics
834,Liam Hill,liam.hill.834@example.org,Compilers
1654,Jordan Lewis,jordan.lewis.1654@example.org,Compilers
1693,Lucas Smith,lucas.smith.1693@example.org,Distributed Systems
1607,Cameron Roberts,cameron.roberts.1607@example.org,HCI
498,Daniel Torres,daniel.torres.498@example.org,IoT
969,Parker King,parker.king.969@example.org,Software Engineering
1181,Logan Moore,logan.moore.1181@example.org,Machine Learning
1170,Finley Green,finley.green.1170@example.org,Robotics
1482,Noah Harris,noah.harris.1482@example.org,Computer Vision
271,Sage Mitchell,sage.mitchell.271@example.org,Graphics
1739,Isabella White,isabella.white.1739@example.org,AR/VR
439,Isabella White,isabella.white.439@example.org,AR/VR
995,Henry Thomas,henry.thomas.995@example.org,Information Retrieval
1371,Sage Mitchell,sage.mitchell.1371@example.org,Graphics
571,Sage Mitchell,sage.mitchell.571@example.org,Graphics
488,Sophia Taylor,sophia.taylor.488@example.org,Theory
1053,Taylor Perez,taylor.perez.1053@example.org,Distributed Systems
1713,Quinn Adams,quinn.adams.1713@example.org,Distributed Systems
677,River Flores,river.flores.677@example.org,Cloud Computing
65,Rowan Jones,rowan.jones.65@example.org,Security
139,Isabella White,isabella.white.139@example.org,AR/VR
469,Parker King,parker.king.469@example.org,Software Engineering
121,Sage Mitchell,sage.mitchell.121@example.org,Machine Learning
1293,Lucas Smith,lucas.smith.1293@example.org,Distributed Systems
1450,Alex Miller,alex.miller.1450@example.org,Robotics
146,Sebastian Thompson,sebastian.thompson.146@example.org,Networks
15,Rowan Jones,rowan.jones.15@example.org,Information Retrieval
1968,Skyler Clark,skyler.clark.1968@example.org,Theory
1206,Riley Nelson,riley.nelson.1206@example.org,Networks
472,Emerson Brown,emerson.brown.472@example.org,Bioinformatics
1135,Emma Rivera,emma.rivera.1135@example.org,Information Retrieval
1205,Casey Scott,casey.scott.1205@example.org,Security
44,Benjamin Rodriguez,benjamin.rodriguez.44@example.org,Systems
693,Lucas Smith,lucas.smith.693@example.org,Distributed Systems
132,Noah Harris,noah.harris.132@example.org,Bioinformatics
461,Charlie Ramirez,charlie.ramirez.461@example.org,Machine Learning
508,Drew Garcia,drew.garcia.508@example.org,Theory
248,Daniel Torres,daniel.torres.248@example.org,Theory
925,Lennon Sanchez,lennon.sanchez.925@example.org,Security
1060,Robin Lee,robin.lee.1060@example.org,Databases
898,Daniel Torres,daniel.torres.898@example.org,IoT
765,Rowan Jones,rowan.jones.765@example.org,Security
1972,Emerson Brown,emerson.brown.1972@example.org,Bioinformatics
1376,Phoenix Allen,phoenix.allen.1376@example.org,Data Mining
1841,Amelia Nguyen,amelia.nguyen.1841@example.org,Machine Learning
639,Isabella White,isabella.white.639@example.org,AR/VR
1461,Charlie Ramirez,charlie.ramirez.1461@example.org,Machine Learning
412,Avery Wright,avery.wright.412@example.org,Bioinformatics
1413,Quinn Adams,quinn.adams.1413@example.org,Distributed Systems
1939,Isabella White,isabella.white.1939@example.org,AR/VR
1547,Jack Robinson,jack.robinson.1547@example.org,HCI
1776,Phoenix Allen,phoenix.allen.1776@example.org,Data Mining
434,Liam Hill,liam.hill.434@example.org,Compilers
867,Reese Martin,reese.martin.867@example.org,HCI
1243,Lucas Smith,lucas.smith.1243@example.org,NLP
1081,Logan Moore,logan.moore.1081@example.org,Machine Learning
1853,Taylor Perez,taylor.perez.1853@example.org,Distributed Systems
339,Isabella White,isabella.white.339@example.org,AR/VR
1126,Phoenix Allen,phoenix.allen.1126@example.org,Networks
974,Dakota Jackson,dakota.jackson.974@example.org,Compilers
1352,Jamie Anderson,jamie.anderson.1352@example.org,Bioinformatics
263,Quinn Adams,quinn.adams.263@example.org,NLP
258,Drew Garcia,drew.garcia.258@example.org,IoT
1569,Parker King,parker.king.1569@example.org,Software Engineering
1091,Amelia Nguyen,amelia.nguyen.1091@example.org,Graphics
1558,Drew Garcia,drew.garcia.1558@example.org,IoT
142,Ethan Hall,ethan.hall.142@example.org,Computer Vision
1672,Emerson Brown,emerson.brown.1672@example.org,Bioinformatics
996,Sebastian Thompson,sebastian.thompson.996@example.org,Data Mining
1499,Leo Baker,leo.baker.1499@example.org,AR/VR
176,Phoenix Allen,phoenix.allen.176@example.org,Data Mining
1933,Mason Young,mason.young.1933@example.org,Distributed Systems
1865,Rowan Jones,rowan.jones.1865@example.org,Security
494,Benjamin Rodriguez,benjamin.rodriguez.494@example.org,Compilers
119,Parker King,parker.king.119@example.org,AR/VR
491,Amelia Nguyen,amelia.nguyen.491@example.org,Graphics
630,Kendall Hernandez,kendall.hernandez.630@example.org,Robotics
1941,Amelia Nguyen,amelia.nguyen.1941@example.org,Machine Learning
1704,Jordan Lewis,jordan.lewis.1704@example.org,Systems
744,Benjamin Rodriguez,benjamin.rodriguez.744@example.org,Systems
230,Kendall Hernandez,kendall.hernandez.230@example.org,Robotics
40,Mia Walker,mia.walker.40@example.org,Databases
1001,Sam Davis,sam.davis.1001@example.org,Machine Learning
664,Elliot Carter,elliot.carter.664@example.org,Systems
1227,River Flores,river.flores.1227@example.org,HCI
2,Jamie Anderson,jamie.anderson.2@example.org,Computer Vision
1087,Ava Martinez,ava.martinez.1087@example.org,HCI
1595,Henry Thomas,henry.thomas.1595@example.org,Information Retrieval
1105,Casey Scott,casey.scott.1105@example.org,Security
331,Logan Moore,logan.moore.331@example.org,Graphics
1562,Avery Wright,avery.wright.1562@example.org,Computer Vision
766,Harper Gonzalez,harper.gonzalez.766@example.org,Networks
1830,Kendall Hernandez,kendall.hernandez.1830@example.org,Robotics
1974,Dakota Jackson,dakota.jackson.1974@example.org,Compilers
1894,Benjamin Rodriguez,benjamin.rodriguez.1894@example.org,Compilers
1790,Mia Walker,mia.walker.1790@example.org,Robotics
1309,Morgan Wilson,morgan.wilson.1309@example.org,Software Engineering
1724,Dakota Jackson,dakota.jackson.1724@example.org,Systems
612,Avery Wright,avery.wright.612@example.org,Bioinformatics
1281,Logan Moore,logan.moore.1281@example.org,Machine Learning
1783,Mason Young,mason.young.1783@example.org,NLP
218,Skyler Clark,skyler.clark.218@example.org,IoT
1040,Mia Walker,mia.walker.1040@example.org,Databases
366,Harper Gonzalez,harper.gonzalez.366@example.org,Networks
1561,Charlie Ramirez,charlie.ramirez.1561@example.org,Machine Learning
1026,Phoenix Allen,phoenix.allen.1026@example.org,Networks
540,Mia Walker,mia.walker.540@example.org,Databases
1474,Dakota Jackson,dakota.jackson.1474@example.org,Compilers
1794,Benjamin Rodriguez,benjamin.rodriguez.1794@example.org,Compilers
1479,Devin Williams,devin.williams.1479@example.org,AR/VR
7,Cameron Roberts,cameron.roberts.7@example.org,HCI
930,Kendall Hernandez,kendall.hernandez.930@example.org,Robotics
324,Dakota Jackson,dakota.jackson.324@example.org,Systems
891,Amelia Nguyen,amelia.nguyen.891@example.org,Graphics
602,Jamie Anderson,jamie.anderson.602@example.org,Computer Vision
1999,Leo Baker,leo.baker.1999@example.org,AR/VR
1956,Riley Nelson,riley.nelson.1956@example.org,Data Mining
1313,Quinn Adams,quinn.adams.1313@example.org,Distributed Systems
1575,Lennon Sanchez,lennon.sanchez.1575@example.org,Information Retrieval
1899,Leo Baker,leo.baker.1899@example.org,AR/VR
1538,Sophia Taylor,sophia.taylor.1538@example.org,IoT
1100,Alex Miller,alex.miller.1100@example.org,Databases
1397,Jack Robinson,jack.robinson.1397@example.org,Cloud Computing
235,Emma Rivera,emma.rivera.235@example.org,Information Retrieval
1477,River Flores,river.flores.1477@example.org,Cloud Computing
1826,Phoenix Allen,phoenix.allen.1826@example.org,Networks
24,Dakota Jackson,dakota.jackson.24@example.org,Systems
1763,Quinn Adams,quinn.adams.1763@example.org,NLP
1134,Liam Hill,liam.hill.1134@example.org,Compilers
515,Rowan Jones,rowan.jones.515@example.org,Information Retrieval
1084,Liam Hill,liam.hill.1084@example.org,Systems
959,Morgan Wilson,morgan.wilson.959@example.org,AR/VR
1221,Sage Mitchell,sage.mitchell.1221@example.org,Machine Learning
782,Noah Harris,noah.harris.782@example.org,Computer Vision
789,Isabella White,isabella.white.789@example.org,Software Engineering
131,Logan Moore,logan.moore.131@example.org,Graphics
1222,Emerson Brown,emerson.brown.1222@example.org,Computer Vision
1984,Liam Hill,liam.hill.1984@example.org,Systems
1394,Benjamin Rodriguez,benjamin.rodriguez.1394@example.org,Compilers
1623,Hayden Lopez,hayden.lopez.1623@example.org,NLP
328,Shawn Campbell,shawn.campbell.328@example.org,Theory
1286,Olivia Johnson,olivia.johnson.1286@example.org,Networks
314,Elliot Carter,elliot.carter.314@example.org,Compilers
225,Lennon Sanchez,lennon.sanchez.225@example.org,Security
1764,Elliot Carter,elliot.carter.1764@example.org,Systems
97,Jack Robinson,jack.robinson.97@example.org,Cloud Computing
1548,Daniel Torres,daniel.torres.1548@example.org,Theory
187,Ava Martinez,ava.martinez.187@example.org,HCI
1011,Charlie Ramirez,charlie.ramirez.1011@example.org,Graphics
1044,Benjamin Rodriguez,benjamin.rodriguez.1044@example.org,Systems
284,Liam Hill,liam.hill.284@example.org,Systems
1881,Logan Moore,logan.moore.1881@example.org,Machine Learning
742,Ethan Hall,ethan.hall.742@example.org,Computer Vision
818,Skyler Clark,skyler.clark.818@example.org,IoT
1196,Sebastian Thompson,sebastian.thompson.1196@example.org,Data Mining
1839,Isabella White,isabella.white.1839@example.org,AR/VR
878,Shawn Campbell,shawn.campbell.878@example.org,IoT
1198,Daniel Torres,daniel.torres.1198@example.org,IoT
1530,Kendall Hernandez,kendall.hernandez.1530@example.org,Robotics
539,Isabella White,isabella.white.539@example.org,AR/VR
1104,Jordan Lewis,jordan.lewis.1104@example.org,Systems
1975,Lennon Sanchez,lennon.sanchez.1975@example.org,Information Retrieval
1526,Phoenix Allen,phoenix.allen.1526@example.org,Networks
506,Riley Nelson,riley.nelson.506@example.org,Networks
1993,Lucas Smith,lucas.smith.1993@example.org,Distributed Systems
543,Lucas Smith,lucas.smith.543@example.org,NLP
293,Lucas Smith,lucas.smith.293@example.org,Distributed Systems
940,Mia Walker,mia.walker.940@example.org,Databases
1317,Reese Martin,reese.martin.1317@example.org,Cloud Computing
1812,Avery Wright,avery.wright.1812@example.org,Bioinformatics
811,Charlie Ramirez,charlie.ramirez.811@example.org,Graphics
1023,Hayden Lopez,hayden.lopez.1023@example.org,NLP
1343,Lucas Smith,lucas.smith.1343@example.org,NLP
436,Olivia Johnson,olivia.johnson.436@example.org,Data Mining
645,Henry Thomas,henry.thomas.645@example.org,Security
1471,Sage Mitchell,sage.mitchell.1471@example.org,Graphics
1795,Henry Thomas,henry.thomas.1795@example.org,Information Retrieval
1162,Avery Wright,avery.wright.1162@example.org,Computer Vision
433,Mason Young,mason.young.433@example.org,Distributed Systems
136,Olivia Johnson,olivia.johnson.136@example.org,Data Mining
549,Leo Baker,leo.baker.549@example.org,Software Engineering
822,Emerson Brown,emerson.brown.822@example.org,Computer Vision
647,Jack Robinson,jack.robinson.647@example.org,HCI
1649,Leo Baker,leo.baker.1649@example.org,Software Engineering
1983,Mason Young,mason.young.1983@example.org,NLP
1684,Liam Hill,liam.hill.1684@example.org,Systems
470,Finley Green,finley.green.470@example.org,Robotics
115,Rowan Jones,rowan.jones.115@example.org,Information Retrieval
1590,Mia Walker,mia.walker.1590@example.org,Robotics
1574,Dakota Jackson,dakota.jackson.1574@example.org,Compilers
1727,River Flores,river.flores.1727@example.org,HCI
665,Rowan Jones,rowan.jones.665@example.org,Security
1403,Taylor Perez,taylor.perez.1403@example.org,NLP
450,Alex Miller,alex.miller.450@example.org,Robotics
1141,Amelia Nguyen,amelia.nguyen.1141@example.org,Machine Learning
1410,Robin Lee,robin.lee.1410@example.org,Robotics
1311,Charlie Ramirez,charlie.ramirez.1311@example.org,Graphics
553,Taylor Perez,taylor.perez.553@example.org,Distributed Systems
778,Shawn Campbell,shawn.campbell.778@example.org,IoT
947,Jack Robinson,jack.robinson.947@example.org,HCI
335,Emma Rivera,emma.rivera.335@example.org,Information Retrieval
1995,Henry Thomas,henry.thomas.1995@example.org,Information Retrieval
1494,Benjamin Rodriguez,benjamin.rodriguez.1494@example.org,Compilers
1094,Benjamin Rodriguez,benjamin.rodriguez.1094@example.org,Compilers
351,Sam Davis,sam.davis.351@example.org,Graphics
1301,Sam Davis,sam.davis.1301@example.org,Machine Learning
1248,Daniel Torres,daniel.torres.1248@example.org,Theory
147,Jack Robinson,jack.robinson.147@example.org,HCI
1328,Shawn Campbell,shawn.campbell.1328@example.org,Theory
1400,Alex Miller,alex.miller.1400@example.org,Databases
1438,Sophia Taylor,sophia.taylor.1438@example.org,IoT
547,Jack Robinson,jack.robinson.547@example.org,HCI
1373,Hayden Lopez,hayden.lopez.1373@example.org,Distributed Systems
430,Kendall Hernandez,kendall.hernandez.430@example.org,Robotics
728,Shawn Campbell,shawn.campbell.728@example.org,Theory
759,Morgan Wilson,morgan.wilson.759@example.org,AR/VR
334,Liam Hill,liam.hill.334@example.org,Compilers
748,Daniel Torres,daniel.torres.748@example.org,Theory
1709,Morgan Wilson,morgan.wilson.1709@example.org,Software Engineering
1302,Jamie Anderson,jamie.anderson.1302@example.org,Computer Vision
929,Devin Williams,devin.williams.929@example.org,Software Engineering
1955,Casey Scott,casey.scott.1955@example.org,Information Retrieval
1948,Daniel Torres,daniel.torres.1948@example.org,Theory
207,Cameron Roberts,cameron.roberts.207@example.org,HCI
1775,Lennon Sanchez,lennon.sanchez.1775@example.org,Information Retrieval
1979,Devin Williams,devin.williams.1979@example.org,AR/VR
1752,Jamie Anderson,jamie.anderson.1752@example.org,Bioinformatics
164,Elliot Carter,elliot.carter.164@example.org,Systems
593,Lucas Smith,lucas.smith.593@example.org,Distributed Systems
1584,Liam Hill,liam.hill.1584@example.org,Systems
467,Reese Martin,reese.martin.467@example.org,HCI
1355,Casey Scott,casey.scott.1355@example.org,Information Retrieval
94,Benjamin Rodriguez,benjamin.rodriguez.94@example.org,Compilers
143,Lucas Smith,lucas.smith.143@example.org,NLP
1443,Lucas Smith,lucas.smith.1443@example.org,NLP
394,Benjamin Rodriguez,benjamin.rodriguez.394@example.org,Compilers
1183,Mason Young,mason.young.1183@example.org,NLP
741,Amelia Nguyen,amelia.nguyen.741@example.org,Machine Learning
1765,Rowan Jones,rowan.jones.1765@example.org,Security
1814,Elliot Carter,elliot.carter.1814@example.org,Compilers
1267,Reese Martin,reese.martin.1267@example.org,HCI
1288,Sophia Taylor,sophia.taylor.1288@example.org,Theory
1699,Leo Baker,leo.baker.1699@example.org,AR/VR
601,Sam Davis,sam.davis.601@example.org,Machine Learning
1131,Logan Moore,logan.moore.1131@example.org,Graphics
162,Avery Wright,avery.wright.162@example.org,Computer Vision
776,Phoenix Allen,phoenix.allen.776@example.org,Data Mining
1889,Isabella White,isabella.white.1889@example.org,Software Engineering
256,Riley Nelson,riley.nelson.256@example.org,Data Mining
1099,Leo Baker,leo.baker.1099@example.org,AR/VR
941,Amelia Nguyen,amelia.nguyen.941@example.org,Machine Learning
1495,Henry Thomas,henry.thomas.1495@example.org,Information Retrieval
89,Isabella White,isabella.white.89@example.org,Software Engineering
1653,Taylor Perez,taylor.perez.1653@example.org,Distributed Systems
542,Ethan Hall,ethan.hall.542@example.org,Computer Vision
1237,Ava Martinez,ava.martinez.1237@example.org,Cloud Computing
705,Casey Scott,casey.scott.705@example.org,Security
1736,Olivia Johnson,olivia.johnson.1736@example.org,Data Mining
736,Olivia Johnson,olivia.johnson.736@example.org,Data Mining
199,Leo Baker,leo.baker.199@example.org,AR/VR
779,Devin Williams,devin.williams.779@example.org,AR/VR
190,Mia Walker,mia.walker.190@example.org,Robotics
1991,Amelia Nguyen,amelia.nguyen.1991@example.org,Graphics
690,Mia Walker,mia.walker.690@example.org,Robotics
1564,Elliot Carter,elliot.carter.1564@example.org,Systems
441,Amelia Nguyen,amelia.nguyen.441@example.org,Machine Learning
319,Parker King,parker.king.319@example.org,AR/VR
1965,Rowan Jones,rowan.jones.1965@example.org,Security
697,Jack Robinson,jack.robinson.697@example.org,Cloud Computing
866,Harper Gonzalez,harper.gonzalez.866@example.org,Networks
1430,Kendall Hernandez,kendall.hernandez.1430@example.org,Robotics
327,River Flores,river.flores.327@example.org,HCI
1651,Sam Davis,sam.davis.1651@example.org,Graphics
1555,Casey Scott,casey.scott.1555@example.org,Information Retrieval
14,Elliot Carter,elliot.carter.14@example.org,Compilers
1781,Logan Moore,logan.moore.1781@example.org,Machine Learning
1658,Drew Garcia,drew.garcia.1658@example.org,IoT
570,Finley Green,finley.green.570@example.org,Robotics
1207,Cameron Roberts,cameron.roberts.1207@example.org,HCI
920,Finley Green,finley.green.920@example.org,Databases
452,Jamie Anderson,jamie.anderson.452@example.org,Bioinformatics
860,Robin Lee,robin.lee.860@example.org,Databases
1987,Ava Martinez,ava.martinez.1987@example.org,HCI
1437,Ava Martinez,ava.martinez.1437@example.org,Cloud Computing
1331,Logan Moore,logan.moore.1331@example.org,Graphics
1467,Reese Martin,reese.martin.1467@example.org,HCI
408,Drew Garcia,drew.garcia.408@example.org,Theory
1150,Alex Miller,alex.miller.1150@example.org,Robotics
55,Casey Scott,casey.scott.55@example.org,Information Retrieval
1233,Mason Young,mason.young.1233@example.org,Distributed Systems
1035,Emma Rivera,emma.rivera.1035@example.org,Information Retrieval
477,River Flores,river.flores.477@example.org,Cloud Computing
448,Daniel Torres,daniel.torres.448@example.org,Theory
192,Ethan Hall,ethan.hall.192@example.org,Bioinformatics
62,Avery Wright,avery.wright.62@example.org,Computer Vision
66,Harper Gonzalez,harper.gonzalez.66@example.org,Networks
865,Rowan Jones,rowan.jones.865@example.org,Security
1210,Robin Lee,robin.lee.1210@example.org,Robotics
179,Devin Williams,devin.williams.179@example.org,AR/VR
1117,Reese Martin,reese.martin.1117@example.org,Cloud Computing
1828,Shawn Campbell,shawn.campbell.1828@example.org,Theory
1517,Reese Martin,reese.martin.1517@example.org,Cloud Computing
1386,Olivia Johnson,olivia.johnson.1386@example.org,Networks
210,Robin Lee,robin.lee.210@example.org,Robotics
1509,Morgan Wilson,morgan.wilson.1509@example.org,Software Engineering
286,Olivia Johnson,olivia.johnson.286@example.org,Networks
458,Drew Garcia,drew.garcia.458@example.org,IoT
502,Jamie Anderson,jamie.anderson.502@example.org,Computer Vision
564,Elliot Carter,elliot.carter.564@example.org,Systems
1519,Parker King,parker.king.1519@example.org,AR/VR
52,Jamie Anderson,jamie.anderson.52@example.org,Bioinformatics
229,Devin Williams,devin.williams.229@example.org,Software Engineering
1310,Robin Lee,robin.lee.1310@example.org,Robotics
