paper_id,title,abstract,year,reviewer_id,author_id
1,A Novel Approach to Economics,This paper investigates the fundamentals of sociology and presents experimental results demonstrating its efficacy.,2023,237,374
2,On the Study of Machine Learning,This paper investigates the fundamentals of philosophy and presents experimental results demonstrating its efficacy.,2022,115,371
3,Advances in Climate Science,This paper investigates the fundamentals of sociology and presents experimental results demonstrating its efficacy.,2004,1,276
4,On the Study of Quantum Computing,This paper investigates the fundamentals of climate science and presents experimental results demonstrating its efficacy.,2019,76,270
5,On the Study of Machine Learning,This paper investigates the fundamentals of environmental science and presents experimental results demonstrating its efficacy.,2017,246,292
6,On the Study of Philosophy,This paper investigates the fundamentals of bioinformatics and presents experimental results demonstrating its efficacy.,2019,246,278
7,On the Study of Bioinformatics,This paper investigates the fundamentals of climate science and presents experimental results demonstrating its efficacy.,2023,100,295
8,Advances in Neuroscience,This paper investigates the fundamentals of bioinformatics and presents experimental results demonstrating its efficacy.,2015,148,485
9,A Novel Approach to Bioinformatics,This paper investigates the fundamentals of sociology and presents experimental results demonstrating its efficacy.,2024,148,458
10,Experimental Astrophysics Techniques,This paper investigates the fundamentals of philosophy and presents experimental results demonstrating its efficacy.,2004,205,333
11,Advances in Economics,This paper investigates the fundamentals of bioinformatics and presents experimental results demonstrating its efficacy.,2016,228,300
12,Experimental Philosophy Techniques,This paper investigates the fundamentals of sociology and presents experimental results demonstrating its efficacy.,2022,161,371
13,Advances in Philosophy,This paper investigates the fundamentals of neuroscience and presents experimental results demonstrating its efficacy.,2010,93,301
14,A Novel Approach to Neuroscience,This paper investigates the fundamentals of machine learning and presents experimental results demonstrating its efficacy.,2015,152,449
15,On the Study of Bioinformatics,This paper investigates the fundamentals of art history and presents experimental results demonstrating its efficacy.,2007,187,339
16,On the Study of Neuroscience,This paper investigates the fundamentals of economics and presents experimental results demonstrating its efficacy.,2009,68,363
17,A Novel Approach to Sociology,This paper investigates the fundamentals of machine learning and presents experimental results demonstrating its efficacy.,2017,183,398
18,Advances in Sociology,This paper investigates the fundamentals of machine learning and presents experimental results demonstrating its efficacy.,2014,199,393
19,Experimental Art History Techniques,This paper investigates the fundamentals of sociology and presents experimental results demonstrating its efficacy.,2001,73,499
20,Advances in Philosophy,This paper investigates the fundamentals of environmental science and presents experimental results demonstrating its efficacy.,2020,155,448
21,Experimental Philosophy Techniques,This paper investigates the fundamentals of genetics and presents experimental results demonstrating its efficacy.,2021,24,478
22,A Novel Approach to Philosophy,This paper investigates the fundamentals of astrophysics and presents experimental results demonstrating its efficacy.,2019,55,329
23,Advances in Astrophysics,This paper investigates the fundamentals of astrophysics and presents experimental results demonstrating its efficacy.,2013,99,497
24,A Novel Approach to Art History,This paper investigates the fundamentals of astrophysics and presents experimental results demonstrating its efficacy.,2004,180,367
25,Experimental Bioinformatics Techniques,This paper investigates the fundamentals of sociology and presents experimental results demonstrating its efficacy.,2006,213,462
26,A Novel Approach to Sociology,This paper investigates the fundamentals of environmental science and presents experimental results demonstrating its efficacy.,2023,15,257
27,Experimental Genetics Techniques,This paper investigates the fundamentals of genetics and presents experimental results demonstrating its efficacy.,2001,116,273
28,On the Study of Astrophysics,This paper investigates the fundamentals of environmental science and presents experimental results demonstrating its efficacy.,2012,155,374
29,On the Study of Neuroscience,This paper investigates the fundamentals of economics and presents experimental results demonstrating its efficacy.,2012,82,359
30,Experimental Economics Techniques,This paper investigates the fundamentals of environmental science and presents experimental results demonstrating its efficacy.,2013,206,434
31,On the Study of Art History,This paper investigates the fundamentals of philosophy and presents experimental results demonstrating its efficacy.,2019,30,448
32,Experimental Quantum Computing Techniques,This paper investigates the fundamentals of art history and presents experimental results demonstrating its efficacy.,2014,86,458
33,Advances in Environmental Science,This paper investigates the fundamentals of climate science and presents experimental results demonstrating its efficacy.,2002,182,351
34,A Novel Approach to Philosophy,This paper investigates the fundamentals of astrophysics and presents experimental results demonstrating its efficacy.,2018,63,285
35,A Novel Approach to Climate Science,This paper investigates the fundamentals of astrophysics and presents experimental results demonstrating its efficacy.,2008,123,290
36,Experimental Climate Science Techniques,This paper investigates the fundamentals of art history and presents experimental results demonstrating its efficacy.,2003,23,429
37,A Novel Approach to Environmental Science,This paper investigates the fundamentals of neuroscience and presents experimental results demonstrating its efficacy.,2014,64,394
38,Advances in Neuroscience,This paper investigates the fundamentals of economics and presents experimental results demonstrating its efficacy.,2006,223,309
39,Advances in Bioinformatics,This paper investigates the fundamentals of sociology and presents experimental results demonstrating its efficacy.,2003,115,283
40,On the Study of Neuroscience,This paper investigates the fundamentals of bioinformatics and presents experimental results demonstrating its efficacy.,2020,163,393
41,Experimental Machine Learning Techniques,This paper investigates the fundamentals of genetics and presents experimental results demonstrating its efficacy.,2006,64,259
42,Advances in Astrophysics,This paper investigates the fundamentals of bioinformatics and presents experimental results demonstrating its efficacy.,2001,159,451
43,Experimental Environmental Science Techniques,This paper investigates the fundamentals of quantum computing and presents experimental results demonstrating its efficacy.,2013,116,485
44,Experimental Climate Science Techniques,This paper investigates the fundamentals of bioinformatics and presents experimental results demonstrating its efficacy.,2003,54,271
45,On the Study of Genetics,This paper investigates the fundamentals of art history and presents experimental results demonstrating its efficacy.,2004,248,423
46,Advances in Astrophysics,This paper investigates the fundamentals of economics and presents experimental results demonstrating its efficacy.,2022,49,336
47,Experimental Art History Techniques,This paper investigates the fundamentals of philosophy and presents experimental results demonstrating its efficacy.,2008,239,255
48,On the Study of Philosophy,This paper investigates the fundamentals of environmental science and presents experimental results demonstrating its efficacy.,2017,53,293
49,Experimental Climate Science Techniques,This paper investigates the fundamentals of astrophysics and presents experimental results demonstrating its efficacy.,2016,18,277
50,A Novel Approach to Machine Learning,This paper investigates the fundamentals of economics and presents experimental results demonstrating its efficacy.,2013,5,266
51,Experimental Quantum Computing Techniques,This paper investigates the fundamentals of machine learning and presents experimental results demonstrating its efficacy.,2023,141,414
52,Advances in Environmental Science,This paper investigates the fundamentals of environmental science and presents experimental results demonstrating its efficacy.,2011,216,403
53,On the Study of Bioinformatics,This paper investigates the fundamentals of quantum computing and presents experimental results demonstrating its efficacy.,2012,150,391
54,On the Study of Sociology,This paper investigates the fundamentals of environmental science and presents experimental results demonstrating its efficacy.,2001,170,343
55,Advances in Sociology,This paper investigates the fundamentals of machine learning and presents experimental results demonstrating its efficacy.,2000,129,327
56,Experimental Climate Science Techniques,This paper investigates the fundamentals of sociology and presents experimental results demonstrating its efficacy.,2005,205,265
57,A Novel Approach to Neuroscience,This paper investigates the fundamentals of art history and presents experimental results demonstrating its efficacy.,2014,39,455
58,Advances in Neuroscience,This paper investigates the fundamentals of climate science and presents experimental results demonstrating its efficacy.,2020,36,449
59,Advances in Genetics,This paper investigates the fundamentals of quantum computing and presents experimental results demonstrating its efficacy.,2013,44,402
60,Advances in Neuroscience,This paper investigates the fundamentals of bioinformatics and presents experimental results demonstrating its efficacy.,2016,81,270
61,On the Study of Sociology,This paper investigates the fundamentals of economics and presents experimental results demonstrating its efficacy.,2005,62,289
62,A Novel Approach to Astrophysics,This paper investigates the fundamentals of philosophy and presents experimental results demonstrating its efficacy.,2025,70,436
63,Advances in Quantum Computing,This paper investigates the fundamentals of economics and presents experimental results demonstrating its efficacy.,2009,39,339
64,Advances in Sociology,This paper investigates the fundamentals of economics and presents experimental results demonstrating its efficacy.,2021,220,449
65,Experimental Astrophysics Techniques,This paper investigates the fundamentals of astrophysics and presents experimental results demonstrating its efficacy.,2012,82,338
66,Experimental Quantum Computing Techniques,This paper investigates the fundamentals of neuroscience and presents experimental results demonstrating its efficacy.,2016,232,473
67,Advances in Economics,This paper investigates the fundamentals of climate science and presents experimental results demonstrating its efficacy.,2007,215,492
68,On the Study of Climate Science,This paper investigates the fundamentals of climate science and presents experimental results demonstrating its efficacy.,2022,11,449
69,On the Study of Art History,This paper investigates the fundamentals of astrophysics and presents experimental results demonstrating its efficacy.,2011,193,471
70,Advances in Genetics,This paper investigates the fundamentals of bioinformatics and presents experimental results demonstrating its efficacy.,2018,30,474
71,On the Study of Economics,This paper investigates the fundamentals of genetics and presents experimental results demonstrating its efficacy.,2000,144,384
72,A Novel Approach to Quantum Computing,This paper investigates the fundamentals of philosophy and presents experimental results demonstrating its efficacy.,2010,19,387
73,On the Study of Bioinformatics,This paper investigates the fundamentals of climate science and presents experimental results demonstrating its efficacy.,2012,232,328
74,A Novel Approach to Climate Science,This paper investigates the fundamentals of neuroscience and presents experimental results demonstrating its efficacy.,2019,182,328
75,Experimental Economics Techniques,This paper investigates the fundamentals of environmental science and presents experimental results demonstrating its efficacy.,2001,100,410
76,Experimental Machine Learning Techniques,This paper investigates the fundamentals of climate science and presents experimental results demonstrating its efficacy.,2008,40,487
77,A Novel Approach to Sociology,This paper investigates the fundamentals of climate science and presents experimental results demonstrating its efficacy.,2025,80,480
78,Experimental Philosophy Techniques,This paper investigates the fundamentals of environmental science and presents experimental results demonstrating its efficacy.,2024,46,426
79,A Novel Approach to Quantum Computing,This paper investigates the fundamentals of genetics and presents experimental results demonstrating its efficacy.,2011,240,300
80,Advances in Neuroscience,This paper investigates the fundamentals of machine learning and presents experimental results demonstrating its efficacy.,2007,10,429
81,Advances in Quantum Computing,This paper investigates the fundamentals of environmental science and presents experimental results demonstrating its efficacy.,2014,97,273
82,Advances in Machine Learning,This paper investigates the fundamentals of machine learning and presents experimental results demonstrating its efficacy.,2012,133,324
83,A Novel Approach to Quantum Computing,This paper investigates the fundamentals of philosophy and presents experimental results demonstrating its efficacy.,2022,96,474
84,Advances in Philosophy,This paper investigates the fundamentals of quantum computing and presents experimental results demonstrating its efficacy.,2024,4,337
85,Experimental Philosophy Techniques,This paper investigates the fundamentals of environmental science and presents experimental results demonstrating its efficacy.,2020,134,343
86,A Novel Approach to Philosophy,This paper investigates the fundamentals of philosophy and presents experimental results demonstrating its efficacy.,2008,4,304
87,Experimental Philosophy Techniques,This paper investigates the fundamentals of machine learning and presents experimental results demonstrating its efficacy.,2024,48,436
88,Experimental Climate Science Techniques,This paper investigates the fundamentals of bioinformatics and presents experimental results demonstrating its efficacy.,2025,102,357
89,Experimental Environmental Science Techniques,This paper investigates the fundamentals of machine learning and presents experimental results demonstrating its efficacy.,2010,129,473
90,Advances in Bioinformatics,This paper investigates the fundamentals of climate science and presents experimental results demonstrating its efficacy.,2018,172,446
91,On the Study of Philosophy,This paper investigates the fundamentals of machine learning and presents experimental results demonstrating its efficacy.,2021,5,455
92,Experimental Neuroscience Techniques,This paper investigates the fundamentals of neuroscience and presents experimental results demonstrating its efficacy.,2004,137,452
93,On the Study of Bioinformatics,This paper investigates the fundamentals of bioinformatics and presents experimental results demonstrating its efficacy.,2013,3,350
94,A Novel Approach to Environmental Science,This paper investigates the fundamentals of astrophysics and presents experimental results demonstrating its efficacy.,2022,17,316
95,A Novel Approach to Genetics,This paper investigates the fundamentals of genetics and presents experimental results demonstrating its efficacy.,2013,151,366
96,On the Study of Machine Learning,This paper investigates the fundamentals of astrophysics and presents experimental results demonstrating its efficacy.,2001,101,393
97,A Novel Approach to Machine Learning,This paper investigates the fundamentals of environmental science and presents experimental results demonstrating its efficacy.,2025,226,304
98,Advances in Astrophysics,This paper investigates the fundamentals of philosophy and presents experimental results demonstrating its efficacy.,2017,231,369
99,On the Study of Bioinformatics,This paper investigates the fundamentals of philosophy and presents experimental results demonstrating its efficacy.,2002,234,341
100,On the Study of Quantum Computing,This paper investigates the fundamentals of quantum computing and presents experimental results demonstrating its efficacy.,2000,200,489
101,Advances in Economics,This paper investigates the fundamentals of bioinformatics and presents experimental results demonstrating its efficacy.,2011,152,480
102,Advances in Art History,This paper investigates the fundamentals of economics and presents experimental results demonstrating its efficacy.,2024,64,466
103,A Novel Approach to Bioinformatics,This paper investigates the fundamentals of climate science and presents experimental results demonstrating its efficacy.,2018,29,290
104,On the Study of Genetics,This paper investigates the fundamentals of climate science and presents experimental results demonstrating its efficacy.,2006,176,359
105,Advances in Bioinformatics,This paper investigates the fundamentals of climate science and presents experimental results demonstrating its efficacy.,2001,186,456
106,A Novel Approach to Genetics,This paper investigates the fundamentals of astrophysics and presents experimental results demonstrating its efficacy.,2003,194,332
107,Experimental Genetics Techniques,This paper investigates the fundamentals of neuroscience and presents experimental results demonstrating its efficacy.,2000,21,422
108,On the Study of Quantum Computing,This paper investigates the fundamentals of neuroscience and presents experimental results demonstrating its efficacy.,2008,115,313
109,A Novel Approach to Climate Science,This paper investigates the fundamentals of philosophy and presents experimental results demonstrating its efficacy.,2020,180,445
110,A Novel Approach to Climate Science,This paper investigates the fundamentals of machine learning and presents experimental results demonstrating its efficacy.,2007,249,323
111,Experimental Machine Learning Techniques,This paper investigates the fundamentals of environmental science and presents experimental results demonstrating its efficacy.,2010,106,270
112,Experimental Machine Learning Techniques,This paper investigates the fundamentals of quantum computing and presents experimental results demonstrating its efficacy.,2010,67,309
113,Advances in Art History,This paper investigates the fundamentals of sociology and presents experimental results demonstrating its efficacy.,2023,178,306
114,A Novel Approach to Genetics,This paper investigates the fundamentals of economics and presents experimental results demonstrating its efficacy.,2007,220,437
115,Advances in Climate Science,This paper investigates the fundamentals of quantum computing and presents experimental results demonstrating its efficacy.,2002,53,413
116,A Novel Approach to Machine Learning,This paper investigates the fundamentals of genetics and presents experimental results demonstrating its efficacy.,2003,188,447
117,Experimental Bioinformatics Techniques,This paper investigates the fundamentals of art history and presents experimental results demonstrating its efficacy.,2023,202,476
118,On the Study of Genetics,This paper investigates the fundamentals of astrophysics and presents experimental results demonstrating its efficacy.,2025,17,402
119,A Novel Approach to Philosophy,This paper investigates the fundamentals of quantum computing and presents experimental results demonstrating its efficacy.,2012,156,316
120,On the Study of Bioinformatics,This paper investigates the fundamentals of economics and presents experimental results demonstrating its efficacy.,2010,204,252
121,A Novel Approach to Art History,This paper investigates the fundamentals of economics and presents experimental results demonstrating its efficacy.,2001,30,460
122,Experimental Sociology Techniques,This paper investigates the fundamentals of climate science and presents experimental results demonstrating its efficacy.,2015,39,335
123,A Novel Approach to Art History,This paper investigates the fundamentals of environmental science and presents experimental results demonstrating its efficacy.,2010,106,402
124,On the Study of Art History,This paper investigates the fundamentals of art history and presents experimental results demonstrating its efficacy.,2018,73,281
125,Experimental Genetics Techniques,This paper investigates the fundamentals of genetics and presents experimental results demonstrating its efficacy.,2018,58,459
126,Experimental Quantum Computing Techniques,This paper investigates the fundamentals of art history and presents experimental results demonstrating its efficacy.,2021,157,349
127,Advances in Climate Science,This paper investigates the fundamentals of environmental science and presents experimental results demonstrating its efficacy.,2015,231,443
128,Advances in Sociology,This paper investigates the fundamentals of astrophysics and presents experimental results demonstrating its efficacy.,2025,83,474
129,A Novel Approach to Quantum Computing,This paper investigates the fundamentals of economics and presents experimental results demonstrating its efficacy.,2014,205,444
130,On the Study of Philosophy,This paper investigates the fundamentals of neuroscience and presents experimental results demonstrating its efficacy.,2001,54,342
131,On the Study of Economics,This paper investigates the fundamentals of art history and presents experimental results demonstrating its efficacy.,2017,187,438
132,A Novel Approach to Astrophysics,This paper investigates the fundamentals of genetics and presents experimental results demonstrating its efficacy.,2007,208,458
133,On the Study of Economics,This paper investigates the fundamentals of quantum computing and presents experimental results demonstrating its efficacy.,2012,125,352
134,Advances in Philosophy,This paper investigates the fundamentals of genetics and presents experimental results demonstrating its efficacy.,2003,162,406
135,Advances in Philosophy,This paper investigates the fundamentals of astrophysics and presents experimental results demonstrating its efficacy.,2000,85,391
136,Experimental Machine Learning Techniques,This paper investigates the fundamentals of quantum computing and presents experimental results demonstrating its efficacy.,2024,52,339
137,Experimental Philosophy Techniques,This paper investigates the fundamentals of quantum computing and presents experimental results demonstrating its efficacy.,2019,31,293
138,A Novel Approach to Machine Learning,This paper investigates the fundamentals of quantum computing and presents experimental results demonstrating its efficacy.,2018,240,306
139,A Novel Approach to Machine Learning,This paper investigates the fundamentals of genetics and presents experimental results demonstrating its efficacy.,2003,197,340
140,A Novel Approach to Climate Science,This paper investigates the fundamentals of climate science and presents experimental results demonstrating its efficacy.,2003,212,324
141,Advances in Philosophy,This paper investigates the fundamentals of economics and presents experimental results demonstrating its efficacy.,2016,124,336
142,Advances in Art History,This paper investigates the fundamentals of astrophysics and presents experimental results demonstrating its efficacy.,2020,103,297
143,Advances in Quantum Computing,This paper investigates the fundamentals of philosophy and presents experimental results demonstrating its efficacy.,2011,245,388
144,On the Study of Art History,This paper investigates the fundamentals of art history and presents experimental results demonstrating its efficacy.,2019,241,359
145,Experimental Neuroscience Techniques,This paper investigates the fundamentals of neuroscience and presents experimental results demonstrating its efficacy.,2011,26,450
146,A Novel Approach to Climate Science,This paper investigates the fundamentals of genetics and presents experimental results demonstrating its efficacy.,2011,133,482
147,Experimental Sociology Techniques,This paper investigates the fundamentals of quantum computing and presents experimental results demonstrating its efficacy.,2022,209,354
148,Experimental Neuroscience Techniques,This paper investigates the fundamentals of economics and presents experimental results demonstrating its efficacy.,2010,58,366
149,On the Study of Sociology,This paper investigates the fundamentals of environmental science and presents experimental results demonstrating its efficacy.,2018,61,290
150,A Novel Approach to Genetics,This paper investigates the fundamentals of genetics and presents experimental results demonstrating its efficacy.,2014,98,480
151,Experimental Genetics Techniques,This paper investigates the fundamentals of astrophysics and presents experimental results demonstrating its efficacy.,2009,9,303
152,Advances in Quantum Computing,This paper investigates the fundamentals of genetics and presents experimental results demonstrating its efficacy.,2022,149,412
153,On the Study of Environmental Science,This paper investigates the fundamentals of genetics and presents experimental results demonstrating its efficacy.,2022,52,425
154,Advances in Bioinformatics,This paper investigates the fundamentals of bioinformatics and presents experimental results demonstrating its efficacy.,2019,212,404
155,On the Study of Economics,This paper investigates the fundamentals of climate science and presents experimental results demonstrating its efficacy.,2007,181,438
156,A Novel Approach to Machine Learning,This paper investigates the fundamentals of environmental science and presents experimental results demonstrating its efficacy.,2021,34,267
157,A Novel Approach to Climate Science,This paper investigates the fundamentals of climate science and presents experimental results demonstrating its efficacy.,2007,151,389
158,A Novel Approach to Philosophy,This paper investigates the fundamentals of philosophy and presents experimental results demonstrating its efficacy.,2007,63,397
159,On the Study of Bioinformatics,This paper investigates the fundamentals of climate science and presents experimental results demonstrating its efficacy.,2000,29,486
160,On the Study of Astrophysics,This paper investigates the fundamentals of art history and presents experimental results demonstrating its efficacy.,2001,209,371
161,Experimental Environmental Science Techniques,This paper investigates the fundamentals of machine learning and presents experimental results demonstrating its efficacy.,2021,199,481
162,A Novel Approach to Environmental Science,This paper investigates the fundamentals of sociology and presents experimental results demonstrating its efficacy.,2015,176,383
163,Experimental Bioinformatics Techniques,This paper investigates the fundamentals of philosophy and presents experimental results demonstrating its efficacy.,2006,205,317
164,Experimental Bioinformatics Techniques,This paper investigates the fundamentals of environmental science and presents experimental results demonstrating its efficacy.,2024,122,420
165,On the Study of Bioinformatics,This paper investigates the fundamentals of economics and presents experimental results demonstrating its efficacy.,2023,185,462
166,On the Study of Art History,This paper investigates the fundamentals of sociology and presents experimental results demonstrating its efficacy.,2009,99,468
167,A Novel Approach to Art History,This paper investigates the fundamentals of environmental science and presents experimental results demonstrating its efficacy.,2020,95,409
168,On the Study of Philosophy,This paper investigates the fundamentals of quantum computing and presents experimental results demonstrating its efficacy.,2015,217,364
169,A Novel Approach to Climate Science,This paper investigates the fundamentals of economics and presents experimental results demonstrating its efficacy.,2025,71,289
170,Advances in Climate Science,This paper investigates the fundamentals of environmental science and presents experimental results demonstrating its efficacy.,2002,21,319
171,Advances in Philosophy,This paper investigates the fundamentals of philosophy and presents experimental results demonstrating its efficacy.,2019,186,422
172,Experimental Environmental Science Techniques,This paper investigates the fundamentals of neuroscience and presents experimental results demonstrating its efficacy.,2012,175,434
173,Experimental Economics Techniques,This paper investigates the fundamentals of sociology and presents experimental results demonstrating its efficacy.,2011,219,256
174,A Novel Approach to Bioinformatics,This paper investigates the fundamentals of philosophy and presents experimental results demonstrating its efficacy.,2005,232,398
175,On the Study of Economics,This paper investigates the fundamentals of art history and presents experimental results demonstrating its efficacy.,2015,249,327
176,On the Study of Sociology,This paper investigates the fundamentals of philosophy and presents experimental results demonstrating its efficacy.,2017,62,418
177,A Novel Approach to Economics,This paper investigates the fundamentals of environmental science and presents experimental results demonstrating its efficacy.,2018,155,471
178,A Novel Approach to Environmental Science,This paper investigates the fundamentals of climate science and presents experimental results demonstrating its efficacy.,2003,94,356
179,A Novel Approach to Astrophysics,This paper investigates the fundamentals of economics and presents experimental results demonstrating its efficacy.,2011,247,442
180,On the Study of Art History,This paper investigates the fundamentals of bioinformatics and presents experimental results demonstrating its efficacy.,2025,75,279
181,Experimental Art History Techniques,This paper investigates the fundamentals of quantum computing and presents experimental results demonstrating its efficacy.,2024,103,460
182,Experimental Bioinformatics Techniques,This paper investigates the fundamentals of neuroscience and presents experimental results demonstrating its efficacy.,2020,79,320
183,Experimental Economics Techniques,This paper investigates the fundamentals of machine learning and presents experimental results demonstrating its efficacy.,2019,212,352
184,A Novel Approach to Art History,This paper investigates the fundamentals of astrophysics and presents experimental results demonstrating its efficacy.,2004,116,427
185,A Novel Approach to Environmental Science,This paper investigates the fundamentals of quantum computing and presents experimental results demonstrating its efficacy.,2000,36,270
186,Experimental Economics Techniques,This paper investigates the fundamentals of quantum computing and presents experimental results demonstrating its efficacy.,2006,66,413
187,Experimental Economics Techniques,This paper investigates the fundamentals of sociology and presents experimental results demonstrating its efficacy.,2006,40,338
188,On the Study of Bioinformatics,This paper investigates the fundamentals of neuroscience and presents experimental results demonstrating its efficacy.,2006,155,255
189,A Novel Approach to Sociology,This paper investigates the fundamentals of astrophysics and presents experimental results demonstrating its efficacy.,2021,34,356
190,Experimental Bioinformatics Techniques,This paper investigates the fundamentals of neuroscience and presents experimental results demonstrating its efficacy.,2008,131,399
191,A Novel Approach to Philosophy,This paper investigates the fundamentals of genetics and presents experimental results demonstrating its efficacy.,2023,148,344
192,On the Study of Economics,This paper investigates the fundamentals of astrophysics and presents experimental results demonstrating its efficacy.,2014,244,254
193,Advances in Quantum Computing,This paper investigates the fundamentals of astrophysics and presents experimental results demonstrating its efficacy.,2006,4,289
194,Advances in Quantum Computing,This paper investigates the fundamentals of sociology and presents experimental results demonstrating its efficacy.,2018,51,447
195,On the Study of Bioinformatics,This paper investigates the fundamentals of philosophy and presents experimental results demonstrating its efficacy.,2002,177,476
196,Advances in Machine Learning,This paper investigates the fundamentals of environmental science and presents experimental results demonstrating its efficacy.,2023,243,477
197,A Novel Approach to Climate Science,This paper investigates the fundamentals of machine learning and presents experimental results demonstrating its efficacy.,2009,62,368
198,On the Study of Philosophy,This paper investigates the fundamentals of neuroscience and presents experimental results demonstrating its efficacy.,2009,119,342
199,Experimental Environmental Science Techniques,This paper investigates the fundamentals of bioinformatics and presents experimental results demonstrating its efficacy.,2018,125,485
200,Advances in Philosophy,This paper investigates the fundamentals of quantum computing and presents experimental results demonstrating its efficacy.,2009,54,497
201,A Novel Approach to Economics,This paper investigates the fundamentals of environmental science and presents experimental results demonstrating its efficacy.,2019,110,404
202,Advances in Climate Science,This paper investigates the fundamentals of bioinformatics and presents experimental results demonstrating its efficacy.,2013,177,381
203,On the Study of Climate Science,This paper investigates the fundamentals of environmental science and presents experimental results demonstrating its efficacy.,2019,216,489
204,A Novel Approach to Bioinformatics,This paper investigates the fundamentals of neuroscience and presents experimental results demonstrating its efficacy.,2001,123,420
205,Experimental Bioinformatics Techniques,This paper investigates the fundamentals of neuroscience and presents experimental results demonstrating its efficacy.,2005,144,257
206,Experimental Sociology Techniques,This paper investigates the fundamentals of bioinformatics and presents experimental results demonstrating its efficacy.,2022,145,327
207,A Novel Approach to Bioinformatics,This paper investigates the fundamentals of sociology and presents experimental results demonstrating its efficacy.,2018,161,359
208,On the Study of Machine Learning,This paper investigates the fundamentals of art history and presents experimental results demonstrating its efficacy.,2025,138,426
209,A Novel Approach to Economics,This paper investigates the fundamentals of neuroscience and presents experimental results demonstrating its efficacy.,2023,26,312
210,Experimental Sociology Techniques,This paper investigates the fundamentals of economics and presents experimental results demonstrating its efficacy.,2006,26,307
211,A Novel Approach to Environmental Science,This paper investigates the fundamentals of quantum computing and presents experimental results demonstrating its efficacy.,2012,7,282
212,On the Study of Machine Learning,This paper investigates the fundamentals of philosophy and presents experimental results demonstrating its efficacy.,2023,179,449
213,A Novel Approach to Climate Science,This paper investigates the fundamentals of climate science and presents experimental results demonstrating its efficacy.,2019,102,365
214,Experimental Machine Learning Techniques,This paper investigates the fundamentals of sociology and presents experimental results demonstrating its efficacy.,2025,89,411
215,Advances in Climate Science,This paper investigates the fundamentals of climate science and presents experimental results demonstrating its efficacy.,2004,96,308
216,Advances in Art History,This paper investigates the fundamentals of machine learning and presents experimental results demonstrating its efficacy.,2011,47,421
217,Experimental Astrophysics Techniques,This paper investigates the fundamentals of genetics and presents experimental results demonstrating its efficacy.,2016,57,303
218,On the Study of Environmental Science,This paper investigates the fundamentals of machine learning and presents experimental results demonstrating its efficacy.,2004,225,365
219,A Novel Approach to Neuroscience,This paper investigates the fundamentals of machine learning and presents experimental results demonstrating its efficacy.,2022,151,441
220,Experimental Art History Techniques,This paper investigates the fundamentals of philosophy and presents experimental results demonstrating its efficacy.,2016,38,360
221,On the Study of Sociology,This paper investigates the fundamentals of economics and presents experimental results demonstrating its efficacy.,2020,228,492
222,On the Study of Quantum Computing,This paper investigates the fundamentals of machine learning and presents experimental results demonstrating its efficacy.,2007,179,396
223,A Novel Approach to Astrophysics,This paper investigates the fundamentals of genetics and presents experimental results demonstrating its efficacy.,2010,197,272
224,Advances in Astrophysics,This paper investigates the fundamentals of environmental science and presents experimental results demonstrating its efficacy.,2010,43,433
225,Advances in Philosophy,This paper investigates the fundamentals of neuroscience and presents experimental results demonstrating its efficacy.,2023,89,430
226,Advances in Climate Science,This paper investigates the fundamentals of neuroscience and presents experimental results demonstrating its efficacy.,2002,224,456
227,Experimental Neuroscience Techniques,This paper investigates the fundamentals of art history and presents experimental results demonstrating its efficacy.,2004,116,276
228,Advances in Genetics,This paper investigates the fundamentals of economics and presents experimental results demonstrating its efficacy.,2010,237,323
229,A Novel Approach to Sociology,This paper investigates the fundamentals of climate science and presents experimental results demonstrating its efficacy.,2016,46,391
230,A Novel Approach to Sociology,This paper investigates the fundamentals of genetics and presents experimental results demonstrating its efficacy.,2006,60,353
231,Advances in Quantum Computing,This paper investigates the fundamentals of machine learning and presents experimental results demonstrating its efficacy.,2007,80,349
232,Advances in Climate Science,This paper investigates the fundamentals of machine learning and presents experimental results demonstrating its efficacy.,2025,216,277
233,Advances in Machine Learning,This paper investigates the fundamentals of bioinformatics and presents experimental results demonstrating its efficacy.,2018,51,373
234,A Novel Approach to Environmental Science,This paper investigates the fundamentals of environmental science and presents experimental results demonstrating its efficacy.,2012,182,391
235,Advances in Climate Science,This paper investigates the fundamentals of quantum computing and presents experimental results demonstrating its efficacy.,2016,181,269
236,A Novel Approach to Machine Learning,This paper investigates the fundamentals of environmental science and presents experimental results demonstrating its efficacy.,2015,78,347
237,On the Study of Sociology,This paper investigates the fundamentals of genetics and presents experimental results demonstrating its efficacy.,2009,206,418
238,A Novel Approach to Bioinformatics,This paper investigates the fundamentals of astrophysics and presents experimental results demonstrating its efficacy.,2013,227,476
239,On the Study of Neuroscience,This paper investigates the fundamentals of neuroscience and presents experimental results demonstrating its efficacy.,2002,188,284
240,Advances in Genetics,This paper investigates the fundamentals of economics and presents experimental results demonstrating its efficacy.,2002,203,290
241,On the Study of Astrophysics,This paper investigates the fundamentals of bioinformatics and presents experimental results demonstrating its efficacy.,2002,220,342
242,A Novel Approach to Climate Science,This paper investigates the fundamentals of climate science and presents experimental results demonstrating its efficacy.,2015,87,473
243,Experimental Neuroscience Techniques,This paper investigates the fundamentals of environmental science and presents experimental results demonstrating its efficacy.,2014,65,341
244,A Novel Approach to Philosophy,This paper investigates the fundamentals of philosophy and presents experimental results demonstrating its efficacy.,2023,149,393
245,Experimental Quantum Computing Techniques,This paper investigates the fundamentals of economics and presents experimental results demonstrating its efficacy.,2018,150,420
246,Experimental Art History Techniques,This paper investigates the fundamentals of economics and presents experimental results demonstrating its efficacy.,2022,146,277
247,On the Study of Quantum Computing,This paper investigates the fundamentals of climate science and presents experimental results demonstrating its efficacy.,2002,13,261
248,Experimental Sociology Techniques,This paper investigates the fundamentals of bioinformatics and presents experimental results demonstrating its efficacy.,2008,129,446
249,Advances in Economics,This paper investigates the fundamentals of sociology and presents experimental results demonstrating its efficacy.,2002,88,396
250,Experimental Astrophysics Techniques,This paper investigates the fundamentals of genetics and presents experimental results demonstrating its efficacy.,2001,130,371
251,Advances in Quantum Computing,This paper investigates the fundamentals of bioinformatics and presents experimental results demonstrating its efficacy.,2021,167,436
252,A Novel Approach to Neuroscience,This paper investigates the fundamentals of astrophysics and presents experimental results demonstrating its efficacy.,2023,63,363
253,Experimental Machine Learning Techniques,This paper investigates the fundamentals of environmental science and presents experimental results demonstrating its efficacy.,2005,174,318
254,On the Study of Philosophy,This paper investigates the fundamentals of economics and presents experimental results demonstrating its efficacy.,2022,140,288
255,Experimental Art History Techniques,This paper investigates the fundamentals of economics and presents experimental results demonstrating its efficacy.,2018,248,370
256,On the Study of Quantum Computing,This paper investigates the fundamentals of environmental science and presents experimental results demonstrating its efficacy.,2013,147,483
257,Advances in Philosophy,This paper investigates the fundamentals of genetics and presents experimental results demonstrating its efficacy.,2001,247,500
258,Experimental Neuroscience Techniques,This paper investigates the fundamentals of machine learning and presents experimental results demonstrating its efficacy.,2025,59,426
259,Advances in Machine Learning,This paper investigates the fundamentals of quantum computing and presents experimental results demonstrating its efficacy.,2016,101,486
260,A Novel Approach to Quantum Computing,This paper investigates the fundamentals of sociology and presents experimental results demonstrating its efficacy.,2011,155,478
261,Experimental Neuroscience Techniques,This paper investigates the fundamentals of bioinformatics and presents experimental results demonstrating its efficacy.,2024,238,291
262,Experimental Neuroscience Techniques,This paper investigates the fundamentals of climate science and presents experimental results demonstrating its efficacy.,2013,64,428
263,Experimental Philosophy Techniques,This paper investigates the fundamentals of quantum computing and presents experimental results demonstrating its efficacy.,2015,164,412
264,Advances in Machine Learning,This paper investigates the fundamentals of neuroscience and presents experimental results demonstrating its efficacy.,2006,161,253
265,A Novel Approach to Climate Science,This paper investigates the fundamentals of machine learning and presents experimental results demonstrating its efficacy.,2017,17,294
266,On the Study of Genetics,This paper investigates the fundamentals of neuroscience and presents experimental results demonstrating its efficacy.,2015,18,467
267,Advances in Economics,This paper investigates the fundamentals of climate science and presents experimental results demonstrating its efficacy.,2013,36,431
268,Advances in Philosophy,This paper investigates the fundamentals of climate science and presents experimental results demonstrating its efficacy.,2021,249,382
269,Advances in Quantum Computing,This paper investigates the fundamentals of climate science and presents experimental results demonstrating its efficacy.,2013,24,418
270,Experimental Quantum Computing Techniques,This paper investigates the fundamentals of economics and presents experimental results demonstrating its efficacy.,2021,23,493
271,A Novel Approach to Sociology,This paper investigates the fundamentals of art history and presents experimental results demonstrating its efficacy.,2022,68,497
272,Advances in Economics,This paper investigates the fundamentals of philosophy and presents experimental results demonstrating its efficacy.,2017,42,319
273,Advances in Economics,This paper investigates the fundamentals of environmental science and presents experimental results demonstrating its efficacy.,2012,165,472
274,On the Study of Machine Learning,This paper investigates the fundamentals of bioinformatics and presents experimental results demonstrating its efficacy.,2014,147,489
275,Advances in Genetics,This paper investigates the fundamentals of machine learning and presents experimental results demonstrating its efficacy.,2024,125,396
276,On the Study of Environmental Science,This paper investigates the fundamentals of astrophysics and presents experimental results demonstrating its efficacy.,2004,148,379
277,A Novel Approach to Art History,This paper investigates the fundamentals of machine learning and presents experimental results demonstrating its efficacy.,2009,199,392
278,Advances in Art History,This paper investigates the fundamentals of neuroscience and presents experimental results demonstrating its efficacy.,2021,212,333
279,Experimental Sociology Techniques,This paper investigates the fundamentals of philosophy and presents experimental results demonstrating its efficacy.,2024,38,417
280,A Novel Approach to Astrophysics,This paper investigates the fundamentals of economics and presents experimental results demonstrating its efficacy.,2013,125,430
281,Experimental Climate Science Techniques,This paper investigates the fundamentals of genetics and presents experimental results demonstrating its efficacy.,2017,47,259
282,Advances in Astrophysics,This paper investigates the fundamentals of sociology and presents experimental results demonstrating its efficacy.,2015,126,349
283,On the Study of Machine Learning,This paper investigates the fundamentals of environmental science and presents experimental results demonstrating its efficacy.,2025,26,331
284,On the Study of Philosophy,This paper investigates the fundamentals of quantum computing and presents experimental results demonstrating its efficacy.,2022,177,293
285,A Novel Approach to Philosophy,This paper investigates the fundamentals of bioinformatics and presents experimental results demonstrating its efficacy.,2025,214,345
286,A Novel Approach to Quantum Computing,This paper investigates the fundamentals of neuroscience and presents experimental results demonstrating its efficacy.,2016,117,341
287,Advances in Quantum Computing,This paper investigates the fundamentals of economics and presents experimental results demonstrating its efficacy.,2022,220,294
288,On the Study of Sociology,This paper investigates the fundamentals of astrophysics and presents experimental results demonstrating its efficacy.,2006,248,450
289,On the Study of Art History,This paper investigates the fundamentals of genetics and presents experimental results demonstrating its efficacy.,2000,72,484
290,On the Study of Economics,This paper investigates the fundamentals of astrophysics and presents experimental results demonstrating its efficacy.,2001,15,481
291,On the Study of Sociology,This paper investigates the fundamentals of art history and presents experimental results demonstrating its efficacy.,2019,46,319
292,Experimental Quantum Computing Techniques,This paper investigates the fundamentals of genetics and presents experimental results demonstrating its efficacy.,2017,28,445
293,On the Study of Neuroscience,This paper investigates the fundamentals of environmental science and presents experimental results demonstrating its efficacy.,2002,50,395
294,A Novel Approach to Economics,This paper investigates the fundamentals of astrophysics and presents experimental results demonstrating its efficacy.,2022,78,332
295,Experimental Bioinformatics Techniques,This paper investigates the fundamentals of neuroscience and presents experimental results demonstrating its efficacy.,2022,198,429
296,A Novel Approach to Philosophy,This paper investigates the fundamentals of philosophy and presents experimental results demonstrating its efficacy.,2008,233,411
297,On the Study of Philosophy,This paper investigates the fundamentals of bioinformatics and presents experimental results demonstrating its efficacy.,2014,52,402
298,A Novel Approach to Philosophy,This paper investigates the fundamentals of astrophysics and presents experimental results demonstrating its efficacy.,2004,91,326
299,Advances in Genetics,This paper investigates the fundamentals of genetics and presents experimental results demonstrating its efficacy.,2008,27,319
300,Experimental Neuroscience Techniques,This paper investigates the fundamentals of machine learning and presents experimental results demonstrating its efficacy.,2006,73,255
301,On the Study of Neuroscience,This paper investigates the fundamentals of genetics and presents experimental results demonstrating its efficacy.,2019,102,472
302,Advances in Philosophy,This paper investigates the fundamentals of economics and presents experimental results demonstrating its efficacy.,2023,70,371
303,A Novel Approach to Quantum Computing,This paper investigates the fundamentals of machine learning and presents experimental results demonstrating its efficacy.,2019,189,264
304,Experimental Environmental Science Techniques,This paper investigates the fundamentals of machine learning and presents experimental results demonstrating its efficacy.,2017,122,442
305,A Novel Approach to Machine Learning,This paper investigates the fundamentals of genetics and presents experimental results demonstrating its efficacy.,2016,144,356
306,Advances in Art History,This paper investigates the fundamentals of economics and presents experimental results demonstrating its efficacy.,2017,72,474
307,Experimental Climate Science Techniques,This paper investigates the fundamentals of art history and presents experimental results demonstrating its efficacy.,2014,148,286
308,A Novel Approach to Philosophy,This paper investigates the fundamentals of philosophy and presents experimental results demonstrating its efficacy.,2004,56,420
309,A Novel Approach to Neuroscience,This paper investigates the fundamentals of machine learning and presents experimental results demonstrating its efficacy.,2025,101,293
310,A Novel Approach to Neuroscience,This paper investigates the fundamentals of art history and presents experimental results demonstrating its efficacy.,2019,146,363
311,Advances in Economics,This paper investigates the fundamentals of climate science and presents experimental results demonstrating its efficacy.,2023,222,381
312,Experimental Climate Science Techniques,This paper investigates the fundamentals of art history and presents experimental results demonstrating its efficacy.,2008,209,429
313,Advances in Neuroscience,This paper investigates the fundamentals of astrophysics and presents experimental results demonstrating its efficacy.,2017,146,459
314,Advances in Philosophy,This paper investigates the fundamentals of art history and presents experimental results demonstrating its efficacy.,2000,72,435
315,A Novel Approach to Philosophy,This paper investigates the fundamentals of machine learning and presents experimental results demonstrating its efficacy.,2002,14,452
316,A Novel Approach to Environmental Science,This paper investigates the fundamentals of sociology and presents experimental results demonstrating its efficacy.,2024,150,437
317,On the Study of Climate Science,This paper investigates the fundamentals of climate science and presents experimental results demonstrating its efficacy.,2003,189,448
318,A Novel Approach to Astrophysics,This paper investigates the fundamentals of quantum computing and presents experimental results demonstrating its efficacy.,2020,195,360
319,On the Study of Economics,This paper investigates the fundamentals of machine learning and presents experimental results demonstrating its efficacy.,2002,5,420
320,Advances in Quantum Computing,This paper investigates the fundamentals of genetics and presents experimental results demonstrating its efficacy.,2012,246,354
321,Advances in Astrophysics,This paper investigates the fundamentals of quantum computing and presents experimental results demonstrating its efficacy.,2015,55,467
322,A Novel Approach to Bioinformatics,This paper investigates the fundamentals of art history and presents experimental results demonstrating its efficacy.,2024,180,381
323,Advances in Quantum Computing,This paper investigates the fundamentals of neuroscience and presents experimental results demonstrating its efficacy.,2020,83,259
324,On the Study of Environmental Science,This paper investigates the fundamentals of climate science and presents experimental results demonstrating its efficacy.,2015,168,335
325,A Novel Approach to Art History,This paper investigates the fundamentals of neuroscience and presents experimental results demonstrating its efficacy.,2019,166,451
326,Advances in Economics,This paper investigates the fundamentals of environmental science and presents experimental results demonstrating its efficacy.,2024,82,291
327,A Novel Approach to Neuroscience,This paper investigates the fundamentals of economics and presents experimental results demonstrating its efficacy.,2015,233,458
328,A Novel Approach to Quantum Computing,This paper investigates the fundamentals of climate science and presents experimental results demonstrating its efficacy.,2000,210,410
329,Advances in Neuroscience,This paper investigates the fundamentals of environmental science and presents experimental results demonstrating its efficacy.,2000,239,336
330,Advances in Sociology,This paper investigates the fundamentals of environmental science and presents experimental results demonstrating its efficacy.,2024,223,419
331,A Novel Approach to Bioinformatics,This paper investigates the fundamentals of quantum computing and presents experimental results demonstrating its efficacy.,2005,230,388
332,Experimental Environmental Science Techniques,This paper investigates the fundamentals of machine learning and presents experimental results demonstrating its efficacy.,2018,126,332
333,A Novel Approach to Neuroscience,This paper investigates the fundamentals of environmental science and presents experimental results demonstrating its efficacy.,2000,13,270
334,On the Study of Environmental Science,This paper investigates the fundamentals of economics and presents experimental results demonstrating its efficacy.,2024,69,401
335,On the Study of Machine Learning,This paper investigates the fundamentals of environmental science and presents experimental results demonstrating its efficacy.,2002,212,351
336,Advances in Philosophy,This paper investigates the fundamentals of art history and presents experimental results demonstrating its efficacy.,2022,67,492
337,Experimental Economics Techniques,This paper investigates the fundamentals of economics and presents experimental results demonstrating its efficacy.,2005,96,338
338,On the Study of Climate Science,This paper investigates the fundamentals of environmental science and presents experimental results demonstrating its efficacy.,2017,237,467
339,Experimental Neuroscience Techniques,This paper investigates the fundamentals of art history and presents experimental results demonstrating its efficacy.,2009,219,353
340,A Novel Approach to Astrophysics,This paper investigates the fundamentals of sociology and presents experimental results demonstrating its efficacy.,2002,230,425
341,Advances in Neuroscience,This paper investigates the fundamentals of neuroscience and presents experimental results demonstrating its efficacy.,2015,191,492
342,A Novel Approach to Machine Learning,This paper investigates the fundamentals of neuroscience and presents experimental results demonstrating its efficacy.,2005,171,379
343,On the Study of Environmental Science,This paper investigates the fundamentals of bioinformatics and presents experimental results demonstrating its efficacy.,2006,216,406
344,A Novel Approach to Quantum Computing,This paper investigates the fundamentals of philosophy and presents experimental results demonstrating its efficacy.,2016,245,357
345,Experimental Machine Learning Techniques,This paper investigates the fundamentals of neuroscience and presents experimental results demonstrating its efficacy.,2005,61,410
346,A Novel Approach to Astrophysics,This paper investigates the fundamentals of philosophy and presents experimental results demonstrating its efficacy.,2025,75,480
347,Experimental Environmental Science Techniques,This paper investigates the fundamentals of climate science and presents experimental results demonstrating its efficacy.,2005,167,294
348,A Novel Approach to Quantum Computing,This paper investigates the fundamentals of art history and presents experimental results demonstrating its efficacy.,2005,132,285
349,Advances in Genetics,This paper investigates the fundamentals of genetics and presents experimental results demonstrating its efficacy.,2005,50,397
350,Advances in Environmental Science,This paper investigates the fundamentals of environmental science and presents experimental results demonstrating its efficacy.,2025,16,308
351,A Novel Approach to Machine Learning,This paper investigates the fundamentals of astrophysics and presents experimental results demonstrating its efficacy.,2008,247,499
352,Experimental Quantum Computing Techniques,This paper investigates the fundamentals of quantum computing and presents experimental results demonstrating its efficacy.,2018,249,277
353,Advances in Quantum Computing,This paper investigates the fundamentals of climate science and presents experimental results demonstrating its efficacy.,2006,228,401
354,Advances in Astrophysics,This paper investigates the fundamentals of quantum computing and presents experimental results demonstrating its efficacy.,2014,13,332
355,A Novel Approach to Environmental Science,This paper investigates the fundamentals of bioinformatics and presents experimental results demonstrating its efficacy.,2001,36,472
356,A Novel Approach to Environmental Science,This paper investigates the fundamentals of philosophy and presents experimental results demonstrating its efficacy.,2003,191,274
357,On the Study of Economics,This paper investigates the fundamentals of environmental science and presents experimental results demonstrating its efficacy.,2011,95,335
358,Experimental Astrophysics Techniques,This paper investigates the fundamentals of genetics and presents experimental results demonstrating its efficacy.,2000,101,461
359,On the Study of Philosophy,This paper investigates the fundamentals of environmental science and presents experimental results demonstrating its efficacy.,2014,26,329
360,On the Study of Quantum Computing,This paper investigates the fundamentals of astrophysics and presents experimental results demonstrating its efficacy.,2022,89,256
361,On the Study of Machine Learning,This paper investigates the fundamentals of astrophysics and presents experimental results demonstrating its efficacy.,2013,188,272
362,A Novel Approach to Quantum Computing,This paper investigates the fundamentals of quantum computing and presents experimental results demonstrating its efficacy.,2005,139,263
363,Advances in Philosophy,This paper investigates the fundamentals of neuroscience and presents experimental results demonstrating its efficacy.,2014,218,385
364,Advances in Philosophy,This paper investigates the fundamentals of bioinformatics and presents experimental results demonstrating its efficacy.,2007,46,327
365,A Novel Approach to Art History,This paper investigates the fundamentals of astrophysics and presents experimental results demonstrating its efficacy.,2017,90,291
366,Advances in Bioinformatics,This paper investigates the fundamentals of sociology and presents experimental results demonstrating its efficacy.,2004,6,343
367,Advances in Climate Science,This paper investigates the fundamentals of sociology and presents experimental results demonstrating its efficacy.,2010,158,303
368,A Novel Approach to Genetics,This paper investigates the fundamentals of environmental science and presents experimental results demonstrating its efficacy.,2023,82,376
369,On the Study of Bioinformatics,This paper investigates the fundamentals of sociology and presents experimental results demonstrating its efficacy.,2009,70,275
370,Experimental Machine Learning Techniques,This paper investigates the fundamentals of climate science and presents experimental results demonstrating its efficacy.,2018,140,406
371,Experimental Economics Techniques,This paper investigates the fundamentals of quantum computing and presents experimental results demonstrating its efficacy.,2017,121,408
372,Advances in Astrophysics,This paper investigates the fundamentals of climate science and presents experimental results demonstrating its efficacy.,2023,244,259
373,A Novel Approach to Art History,This paper investigates the fundamentals of neuroscience and presents experimental results demonstrating its efficacy.,2016,221,299
374,A Novel Approach to Genetics,This paper investigates the fundamentals of bioinformatics and presents experimental results demonstrating its efficacy.,2020,125,439
375,On the Study of Art History,This paper investigates the fundamentals of genetics and presents experimental results demonstrating its efficacy.,2001,33,383
376,Experimental Astrophysics Techniques,This paper investigates the fundamentals of genetics and presents experimental results demonstrating its efficacy.,2019,191,465
377,Experimental Climate Science Techniques,This paper investigates the fundamentals of machine learning and presents experimental results demonstrating its efficacy.,2001,24,416
378,On the Study of Neuroscience,This paper investigates the fundamentals of astrophysics and presents experimental results demonstrating its efficacy.,2007,67,336
379,Experimental Philosophy Techniques,This paper investigates the fundamentals of astrophysics and presents experimental results demonstrating its efficacy.,2005,180,255
380,Advances in Economics,This paper investigates the fundamentals of environmental science and presents experimental results demonstrating its efficacy.,2002,127,277
381,Advances in Astrophysics,This paper investigates the fundamentals of neuroscience and presents experimental results demonstrating its efficacy.,2008,28,324
382,On the Study of Economics,This paper investigates the fundamentals of astrophysics and presents experimental results demonstrating its efficacy.,2013,62,281
383,Advances in Art History,This paper investigates the fundamentals of neuroscience and presents experimental results demonstrating its efficacy.,2007,80,468
384,Advances in Genetics,This paper investigates the fundamentals of climate science and presents experimental results demonstrating its efficacy.,2005,206,479
385,On the Study of Astrophysics,This paper investigates the fundamentals of sociology and presents experimental results demonstrating its efficacy.,2002,174,469
386,Experimental Environmental Science Techniques,This paper investigates the fundamentals of environmental science and presents experimental results demonstrating its efficacy.,2001,145,385
387,Experimental Sociology Techniques,This paper investigates the fundamentals of climate science and presents experimental results demonstrating its efficacy.,2007,32,275
388,A Novel Approach to Art History,This paper investigates the fundamentals of climate science and presents experimental results demonstrating its efficacy.,2020,158,357
389,Advances in Quantum Computing,This paper investigates the fundamentals of environmental science and presents experimental results demonstrating its efficacy.,2008,218,468
390,A Novel Approach to Environmental Science,This paper investigates the fundamentals of philosophy and presents experimental results demonstrating its efficacy.,2013,208,358
391,Experimental Bioinformatics Techniques,This paper investigates the fundamentals of machine learning and presents experimental results demonstrating its efficacy.,2024,215,378
392,Advances in Sociology,This paper investigates the fundamentals of machine learning and presents experimental results demonstrating its efficacy.,2011,158,397
393,Advances in Genetics,This paper investigates the fundamentals of astrophysics and presents experimental results demonstrating its efficacy.,2004,130,466
394,A Novel Approach to Machine Learning,This paper investigates the fundamentals of philosophy and presents experimental results demonstrating its efficacy.,2019,25,314
395,On the Study of Art History,This paper investigates the fundamentals of astrophysics and presents experimental results demonstrating its efficacy.,2011,51,305
396,Advances in Economics,This paper investigates the fundamentals of genetics and presents experimental results demonstrating its efficacy.,2006,22,326
397,On the Study of Philosophy,This paper investigates the fundamentals of sociology and presents experimental results demonstrating its efficacy.,2017,3,407
398,Advances in Philosophy,This paper investigates the fundamentals of bioinformatics and presents experimental results demonstrating its efficacy.,2012,176,427
399,Advances in Quantum Computing,This paper investigates the fundamentals of climate science and presents experimental results demonstrating its efficacy.,2001,212,452
400,On the Study of Environmental Science,This paper investigates the fundamentals of sociology and presents experimental results demonstrating its efficacy.,2002,12,365
401,Experimental Environmental Science Techniques,This paper investigates the fundamentals of climate science and presents experimental results demonstrating its efficacy.,2000,74,497
402,Advances in Sociology,This paper investigates the fundamentals of quantum computing and presents experimental results demonstrating its efficacy.,2008,110,462
403,Experimental Quantum Computing Techniques,This paper investigates the fundamentals of environmental science and presents experimental results demonstrating its efficacy.,2021,242,382
404,A Novel Approach to Quantum Computing,This paper investigates the fundamentals of machine learning and presents experimental results demonstrating its efficacy.,2010,38,301
405,Experimental Philosophy Techniques,This paper investigates the fundamentals of environmental science and presents experimental results demonstrating its efficacy.,2021,100,298
406,A Novel Approach to Economics,This paper investigates the fundamentals of machine learning and presents experimental results demonstrating its efficacy.,2014,208,442
407,Experimental Astrophysics Techniques,This paper investigates the fundamentals of genetics and presents experimental results demonstrating its efficacy.,2019,96,322
408,Advances in Neuroscience,This paper investigates the fundamentals of economics and presents experimental results demonstrating its efficacy.,2017,167,298
409,Advances in Sociology,This paper investigates the fundamentals of environmental science and presents experimental results demonstrating its efficacy.,2020,191,279
410,Advances in Machine Learning,This paper investigates the fundamentals of philosophy and presents experimental results demonstrating its efficacy.,2010,82,325
411,A Novel Approach to Genetics,This paper investigates the fundamentals of philosophy and presents experimental results demonstrating its efficacy.,2010,136,445
412,Advances in Sociology,This paper investigates the fundamentals of environmental science and presents experimental results demonstrating its efficacy.,2009,222,457
413,On the Study of Bioinformatics,This paper investigates the fundamentals of climate science and presents experimental results demonstrating its efficacy.,2011,33,337
414,Experimental Climate Science Techniques,This paper investigates the fundamentals of art history and presents experimental results demonstrating its efficacy.,2009,106,307
415,On the Study of Climate Science,This paper investigates the fundamentals of quantum computing and presents experimental results demonstrating its efficacy.,2014,156,476
416,A Novel Approach to Climate Science,This paper investigates the fundamentals of climate science and presents experimental results demonstrating its efficacy.,2021,44,405
417,On the Study of Sociology,This paper investigates the fundamentals of quantum computing and presents experimental results demonstrating its efficacy.,2017,86,297
418,Advances in Genetics,This paper investigates the fundamentals of neuroscience and presents experimental results demonstrating its efficacy.,2008,236,409
419,On the Study of Philosophy,This paper investigates the fundamentals of genetics and presents experimental results demonstrating its efficacy.,2023,127,348
420,A Novel Approach to Environmental Science,This paper investigates the fundamentals of climate science and presents experimental results demonstrating its efficacy.,2010,137,311
421,Advances in Philosophy,This paper investigates the fundamentals of philosophy and presents experimental results demonstrating its efficacy.,2010,175,373
422,Advances in Quantum Computing,This paper investigates the fundamentals of bioinformatics and presents experimental results demonstrating its efficacy.,2014,147,486
423,Advances in Art History,This paper investigates the fundamentals of machine learning and presents experimental results demonstrating its efficacy.,2004,196,404
424,On the Study of Astrophysics,This paper investigates the fundamentals of climate science and presents experimental results demonstrating its efficacy.,2018,18,261
425,A Novel Approach to Economics,This paper investigates the fundamentals of economics and presents experimental results demonstrating its efficacy.,2018,181,365
426,A Novel Approach to Environmental Science,This paper investigates the fundamentals of art history and presents experimental results demonstrating its efficacy.,2020,195,251
427,Advances in Astrophysics,This paper investigates the fundamentals of machine learning and presents experimental results demonstrating its efficacy.,2025,27,375
428,A Novel Approach to Quantum Computing,This paper investigates the fundamentals of philosophy and presents experimental results demonstrating its efficacy.,2018,42,324
429,A Novel Approach to Bioinformatics,This paper investigates the fundamentals of philosophy and presents experimental results demonstrating its efficacy.,2012,164,287
430,Experimental Machine Learning Techniques,This paper investigates the fundamentals of genetics and presents experimental results demonstrating its efficacy.,2000,57,255
431,Experimental Neuroscience Techniques,This paper investigates the fundamentals of machine learning and presents experimental results demonstrating its efficacy.,2011,146,318
432,Advances in Neuroscience,This paper investigates the fundamentals of machine learning and presents experimental results demonstrating its efficacy.,2022,103,445
433,On the Study of Environmental Science,This paper investigates the fundamentals of genetics and presents experimental results demonstrating its efficacy.,2008,239,493
434,Advances in Art History,This paper investigates the fundamentals of genetics and presents experimental results demonstrating its efficacy.,2003,93,358
435,Advances in Sociology,This paper investigates the fundamentals of bioinformatics and presents experimental results demonstrating its efficacy.,2004,38,491
436,Experimental Neuroscience Techniques,This paper investigates the fundamentals of climate science and presents experimental results demonstrating its efficacy.,2012,23,489
437,On the Study of Genetics,This paper investigates the fundamentals of astrophysics and presents experimental results demonstrating its efficacy.,2024,128,500
438,On the Study of Quantum Computing,This paper investigates the fundamentals of sociology and presents experimental results demonstrating its efficacy.,2021,208,253
439,A Novel Approach to Quantum Computing,This paper investigates the fundamentals of bioinformatics and presents experimental results demonstrating its efficacy.,2021,31,386
440,Advances in Environmental Science,This paper investigates the fundamentals of neuroscience and presents experimental results demonstrating its efficacy.,2004,142,294
441,On the Study of Genetics,This paper investigates the fundamentals of bioinformatics and presents experimental results demonstrating its efficacy.,2021,161,344
442,On the Study of Art History,This paper investigates the fundamentals of genetics and presents experimental results demonstrating its efficacy.,2008,217,492
443,Experimental Environmental Science Techniques,This paper investigates the fundamentals of genetics and presents experimental results demonstrating its efficacy.,2000,67,397
444,Advances in Genetics,This paper investigates the fundamentals of art history and presents experimental results demonstrating its efficacy.,2011,84,350
445,A Novel Approach to Climate Science,This paper investigates the fundamentals of bioinformatics and presents experimental results demonstrating its efficacy.,2014,174,292
446,Advances in Quantum Computing,This paper investigates the fundamentals of climate science and presents experimental results demonstrating its efficacy.,2019,87,420
447,Advances in Economics,This paper investigates the fundamentals of genetics and presents experimental results demonstrating its efficacy.,2022,92,340
448,On the Study of Machine Learning,This paper investigates the fundamentals of astrophysics and presents experimental results demonstrating its efficacy.,2002,85,400
449,A Novel Approach to Environmental Science,This paper investigates the fundamentals of climate science and presents experimental results demonstrating its efficacy.,2018,50,314
450,Experimental Quantum Computing Techniques,This paper investigates the fundamentals of genetics and presents experimental results demonstrating its efficacy.,2003,157,254
451,Experimental Machine Learning Techniques,This paper investigates the fundamentals of sociology and presents experimental results demonstrating its efficacy.,2012,12,465
452,Advances in Philosophy,This paper investigates the fundamentals of art history and presents experimental results demonstrating its efficacy.,2013,28,355
453,Experimental Philosophy Techniques,This paper investigates the fundamentals of astrophysics and presents experimental results demonstrating its efficacy.,2024,6,334
454,A Novel Approach to Genetics,This paper investigates the fundamentals of astrophysics and presents experimental results demonstrating its efficacy.,2016,211,264
455,A Novel Approach to Quantum Computing,This paper investigates the fundamentals of genetics and presents experimental results demonstrating its efficacy.,2000,205,480
456,A Novel Approach to Philosophy,This paper investigates the fundamentals of bioinformatics and presents experimental results demonstrating its efficacy.,2018,93,312
457,Advances in Astrophysics,This paper investigates the fundamentals of neuroscience and presents experimental results demonstrating its efficacy.,2013,132,486
458,Advances in Sociology,This paper investigates the fundamentals of economics and presents experimental results demonstrating its efficacy.,2007,15,429
459,On the Study of Environmental Science,This paper investigates the fundamentals of philosophy and presents experimental results demonstrating its efficacy.,2007,130,342
460,Experimental Bioinformatics Techniques,This paper investigates the fundamentals of philosophy and presents experimental results demonstrating its efficacy.,2001,179,408
461,A Novel Approach to Climate Science,This paper investigates the fundamentals of astrophysics and presents experimental results demonstrating its efficacy.,2021,138,446
462,Advances in Bioinformatics,This paper investigates the fundamentals of neuroscience and presents experimental results demonstrating its efficacy.,2013,22,275
463,Experimental Environmental Science Techniques,This paper investigates the fundamentals of bioinformatics and presents experimental results demonstrating its efficacy.,2019,137,373
464,Experimental Art History Techniques,This paper investigates the fundamentals of machine learning and presents experimental results demonstrating its efficacy.,2007,74,471
465,On the Study of Bioinformatics,This paper investigates the fundamentals of philosophy and presents experimental results demonstrating its efficacy.,2020,235,380
466,Experimental Environmental Science Techniques,This paper investigates the fundamentals of astrophysics and presents experimental results demonstrating its efficacy.,2018,163,485
467,On the Study of Genetics,This paper investigates the fundamentals of economics and presents experimental results demonstrating its efficacy.,2015,52,321
468,Experimental Philosophy Techniques,This paper investigates the fundamentals of philosophy and presents experimental results demonstrating its efficacy.,2016,41,466
469,On the Study of Machine Learning,This paper investigates the fundamentals of quantum computing and presents experimental results demonstrating its efficacy.,2007,38,300
470,Advances in Environmental Science,This paper investigates the fundamentals of environmental science and presents experimental results demonstrating its efficacy.,2016,109,389
471,Advances in Astrophysics,This paper investigates the fundamentals of environmental science and presents experimental results demonstrating its efficacy.,2001,180,307
472,Advances in Climate Science,This paper investigates the fundamentals of neuroscience and presents experimental results demonstrating its efficacy.,2013,229,430
473,Advances in Sociology,This paper investigates the fundamentals of astrophysics and presents experimental results demonstrating its efficacy.,2002,32,370
474,On the Study of Economics,This paper investigates the fundamentals of philosophy and presents experimental results demonstrating its efficacy.,2008,209,323
475,A Novel Approach to Economics,This paper investigates the fundamentals of astrophysics and presents experimental results demonstrating its efficacy.,2008,65,319
476,A Novel Approach to Philosophy,This paper investigates the fundamentals of genetics and presents experimental results demonstrating its efficacy.,2006,107,382
477,A Novel Approach to Machine Learning,This paper investigates the fundamentals of genetics and presents experimental results demonstrating its efficacy.,2025,179,369
478,Experimental Environmental Science Techniques,This paper investigates the fundamentals of genetics and presents experimental results demonstrating its efficacy.,2012,182,272
479,On the Study of Sociology,This paper investigates the fundamentals of climate science and presents experimental results demonstrating its efficacy.,2022,235,408
480,A Novel Approach to Genetics,This paper investigates the fundamentals of astrophysics and presents experimental results demonstrating its efficacy.,2007,169,467
481,On the Study of Art History,This paper investigates the fundamentals of machine learning and presents experimental results demonstrating its efficacy.,2021,58,421
482,Experimental Quantum Computing Techniques,This paper investigates the fundamentals of quantum computing and presents experimental results demonstrating its efficacy.,2016,235,408
483,Advances in Art History,This paper investigates the fundamentals of bioinformatics and presents experimental results demonstrating its efficacy.,2014,188,318
484,Experimental Climate Science Techniques,This paper investigates the fundamentals of art history and presents experimental results demonstrating its efficacy.,2003,54,391
485,Advances in Sociology,This paper investigates the fundamentals of bioinformatics and presents experimental results demonstrating its efficacy.,2023,71,399
486,Experimental Sociology Techniques,This paper investigates the fundamentals of quantum computing and presents experimental results demonstrating its efficacy.,2011,54,412
487,On the Study of Climate Science,This paper investigates the fundamentals of machine learning and presents experimental results demonstrating its efficacy.,2012,51,262
488,On the Study of Economics,This paper investigates the fundamentals of astrophysics and presents experimental results demonstrating its efficacy.,2007,116,251
489,On the Study of Environmental Science,This paper investigates the fundamentals of art history and presents experimental results demonstrating its efficacy.,2011,85,283
490,A Novel Approach to Quantum Computing,This paper investigates the fundamentals of machine learning and presents experimental results demonstrating its efficacy.,2023,51,487
491,Advances in Sociology,This paper investigates the fundamentals of environmental science and presents experimental results demonstrating its efficacy.,2024,133,253
492,A Novel Approach to Machine Learning,This paper investigates the fundamentals of economics and presents experimental results demonstrating its efficacy.,2015,220,442
493,Experimental Climate Science Techniques,This paper investigates the fundamentals of economics and presents experimental results demonstrating its efficacy.,2008,101,277
494,Advances in Art History,This paper investigates the fundamentals of sociology and presents experimental results demonstrating its efficacy.,2021,47,283
495,A Novel Approach to Astrophysics,This paper investigates the fundamentals of genetics and presents experimental results demonstrating its efficacy.,2010,240,257
496,A Novel Approach to Machine Learning,This paper investigates the fundamentals of economics and presents experimental results demonstrating its efficacy.,2013,5,415
497,On the Study of Quantum Computing,This paper investigates the fundamentals of bioinformatics and presents experimental results demonstrating its efficacy.,2014,142,458
498,A Novel Approach to Genetics,This paper investigates the fundamentals of neuroscience and presents experimental results demonstrating its efficacy.,2001,85,290
499,On the Study of Economics,This paper investigates the fundamentals of bioinformatics and presents experimental results demonstrating its efficacy.,2020,174,499
500,A Novel Approach to Bioinformatics,This paper investigates the fundamentals of neuroscience and presents experimental results demonstrating its efficacy.,2001,79,255
