id,address_id,first_name,last_name,email
1,1,Donna,Nguyen,donna.nguyen@business.net
2,2,Charles,Hall,charles.hall@email.com
3,3,George,Sanchez,george.sanchez@example.com
4,4,Jennifer,Lopez,jennifer.lopez@company.org
5,5,Nancy,Sanchez,nancy.sanchez@company.org
6,6,Patricia,Wright,patricia.wright@company.org
7,7,Anthony,Miller,anthony.miller@example.com
8,8,Emily,Wright,emily.wright@example.com
9,9,Elizabeth,Thompson,elizabeth.thompson@email.com
10,10,Joshua,Williams,joshua.williams@example.com
11,11,Betty,Adams,betty.adams@company.org
12,12,Amanda,Brown,amanda.brown@email.com
13,13,Amanda,Thomas,amanda.thomas@email.com
14,14,Patricia,Anderson,patricia.anderson@business.net
15,15,Nancy,Flores,nancy.flores@business.net
16,16,Michelle,Miller,michelle.miller@business.net
17,17,Linda,Sanchez,linda.sanchez@email.com
18,18,Matthew,Jones,matthew.jones@email.com
19,19,Amanda,Clark,amanda.clark@company.org
20,20,Andrew,Sanchez,andrew.sanchez@business.net
21,21,Steven,Sanchez,steven.sanchez@company.org
22,22,Matthew,Brown,matthew.brown@company.org
23,23,Deborah,White,deborah.white@company.org
24,24,Matthew,Allen,matthew.allen@email.com
25,25,Richard,Martinez,richard.martinez@example.com
26,26,Michelle,Martinez,michelle.martinez@company.org
27,27,Christopher,Moore,christopher.moore@business.net
28,28,John,Scott,john.scott@example.com
29,29,Matthew,Flores,matthew.flores@business.net
30,30,Mary,Flores,mary.flores@email.com
31,31,Emily,Robinson,emily.robinson@company.org
32,32,Dorothy,Scott,dorothy.scott@email.com
33,33,Michael,Wright,michael.wright@company.org
34,34,George,Jackson,george.jackson@example.com
35,35,Edward,Brown,edward.brown@example.com
36,36,George,Smith,george.smith@email.com
37,37,Matthew,Lee,matthew.lee@business.net
38,38,Paul,Jackson,paul.jackson@company.org
39,39,Amanda,Torres,amanda.torres@company.org
40,40,Mary,Smith,mary.smith@business.net
41,41,Margaret,Brown,margaret.brown@company.org
42,42,Kevin,Lee,kevin.lee@email.com
43,43,James,Rivera,james.rivera@email.com
44,44,John,Harris,john.harris@business.net
45,45,Andrew,Baker,andrew.baker@company.org
46,46,Mark,White,mark.white@example.com
47,47,Charles,Jackson,charles.jackson@email.com
48,48,Michelle,Brown,michelle.brown@business.net
49,49,Melissa,Scott,melissa.scott@company.org
50,50,Patricia,Taylor,patricia.taylor@email.com
51,51,James,Rodriguez,james.rodriguez@email.com
52,52,Dorothy,King,dorothy.king@example.com
53,53,David,Robinson,david.robinson@email.com
54,54,Thomas,White,thomas.white@example.com
55,55,Richard,Smith,richard.smith@example.com
56,56,Christopher,Green,christopher.green@example.com
57,57,Linda,Flores,linda.flores@business.net
58,58,Ashley,Perez,ashley.perez@business.net
59,59,Mark,Wilson,mark.wilson@example.com
60,60,Steven,Jackson,steven.jackson@company.org
61,61,Ashley,Martin,ashley.martin@example.com
62,62,Matthew,Hernandez,matthew.hernandez@company.org
63,63,Paul,Lee,paul.lee@example.com
64,64,Donald,Hernandez,donald.hernandez@business.net
65,65,Christopher,Anderson,christopher.anderson@company.org
66,66,James,White,james.white@company.org
67,67,Steven,White,steven.white@example.com
68,68,Christopher,White,christopher.white@example.com
69,69,Linda,Gonzalez,linda.gonzalez@business.net
70,70,David,Taylor,david.taylor@email.com
71,71,Jennifer,Garcia,jennifer.garcia@email.com
72,72,Emily,Allen,emily.allen@email.com
73,73,Carol,Thompson,carol.thompson@example.com
74,74,Brian,White,brian.white@example.com
75,75,Susan,Flores,susan.flores@example.com
76,76,Kimberly,Green,kimberly.green@business.net
77,77,Jennifer,Allen,jennifer.allen@example.com
78,78,Daniel,Mitchell,daniel.mitchell@example.com
79,79,Charles,Miller,charles.miller@company.org
80,80,Mary,Rivera,mary.rivera@example.com
81,81,Ashley,Taylor,ashley.taylor@example.com
82,82,Sarah,Mitchell,sarah.mitchell@business.net
83,83,Robert,Perez,robert.perez@email.com
84,84,Donna,Hill,donna.hill@company.org
85,85,Susan,Martinez,susan.martinez@email.com
86,86,Anthony,Hall,anthony.hall@company.org
87,87,Deborah,Harris,deborah.harris@business.net
88,88,Donald,Anderson,donald.anderson@email.com
89,89,Michelle,Gonzalez,michelle.gonzalez@example.com
90,90,Andrew,Martinez,andrew.martinez@business.net
91,91,Barbara,Wilson,barbara.wilson@example.com
92,92,Matthew,Brown,matthew.brown@business.net
93,93,Anthony,Gonzalez,anthony.gonzalez@email.com
94,94,John,Lewis,john.lewis@example.com
95,95,Elizabeth,Martin,elizabeth.martin@example.com
96,96,Susan,Walker,susan.walker@company.org
97,97,Michelle,Martin,michelle.martin@example.com
98,98,William,Adams,william.adams@business.net
99,99,Steven,Jones,steven.jones@company.org
100,100,Margaret,Harris,margaret.harris@business.net
101,101,Richard,Ramirez,richard.ramirez@business.net
102,102,Susan,Ramirez,susan.ramirez@business.net
103,103,Carol,Hall,carol.hall@company.org
104,104,Jennifer,Nelson,jennifer.nelson@business.net
105,105,Melissa,Lee,melissa.lee@business.net
106,106,Lisa,Clark,lisa.clark@example.com
107,107,Lisa,Williams,lisa.williams@business.net
108,108,Michael,Jackson,michael.jackson@email.com
109,109,Kevin,Anderson,kevin.anderson@example.com
110,110,Steven,Lewis,steven.lewis@email.com
111,111,Anthony,Anderson,anthony.anderson@company.org
112,112,Carol,Williams,carol.williams@company.org
113,113,Richard,Smith,richard.smith@business.net
114,114,Elizabeth,Wilson,elizabeth.wilson@company.org
115,115,Joseph,Hall,joseph.hall@company.org
116,116,Michael,Nelson,michael.nelson@email.com
117,117,James,Martinez,james.martinez@business.net
118,118,Mary,Flores,mary.flores@company.org
119,119,Ashley,Johnson,ashley.johnson@business.net
120,120,James,Johnson,james.johnson@business.net
121,121,Jessica,Wright,jessica.wright@email.com
122,122,Matthew,Ramirez,matthew.ramirez@business.net
123,123,Sandra,Williams,sandra.williams@email.com
124,124,Dorothy,Martinez,dorothy.martinez@email.com
125,125,John,Mitchell,john.mitchell@company.org
126,126,Sandra,Lee,sandra.lee@email.com
127,127,Brian,Allen,brian.allen@email.com
128,128,Margaret,Gonzalez,margaret.gonzalez@email.com
129,129,Paul,Johnson,paul.johnson@business.net
130,130,Susan,Young,susan.young@company.org
131,131,Kimberly,Brown,kimberly.brown@company.org
132,132,Richard,Gonzalez,richard.gonzalez@example.com
133,133,Andrew,Robinson,andrew.robinson@example.com
134,134,Jennifer,Hill,jennifer.hill@company.org
135,135,Charles,Robinson,charles.robinson@email.com
136,136,Patricia,Green,patricia.green@email.com
137,137,Lisa,Miller,lisa.miller@email.com
138,138,William,Miller,william.miller@example.com
139,139,Andrew,Allen,andrew.allen@email.com
140,140,Richard,Sanchez,richard.sanchez@email.com
141,141,Kimberly,Baker,kimberly.baker@company.org
142,142,Paul,Adams,paul.adams@example.com
143,143,Margaret,Wright,margaret.wright@email.com
144,144,James,Smith,james.smith@email.com
145,145,Deborah,Sanchez,deborah.sanchez@example.com
146,146,David,Young,david.young@example.com
147,147,Karen,Campbell,karen.campbell@company.org
148,148,Lisa,Hernandez,lisa.hernandez@business.net
149,149,Matthew,Lee,matthew.lee@example.com
150,150,Margaret,Wright,margaret.wright@example.com
151,151,Carol,Lewis,carol.lewis@company.org
152,152,David,Green,david.green@business.net
153,153,Michael,Nelson,michael.nelson@email.com
154,154,Kenneth,Lewis,kenneth.lewis@example.com
155,155,Susan,Davis,susan.davis@example.com
156,156,Emily,Brown,emily.brown@company.org
157,157,Thomas,Scott,thomas.scott@example.com
158,158,Michelle,Wright,michelle.wright@business.net
159,159,Brian,Taylor,brian.taylor@business.net
160,160,Kimberly,Robinson,kimberly.robinson@example.com
161,161,Sarah,Wright,sarah.wright@company.org
162,162,Richard,Taylor,richard.taylor@email.com
163,163,Christopher,Wright,christopher.wright@email.com
164,164,Kevin,Robinson,kevin.robinson@company.org
165,165,Matthew,Brown,matthew.brown@company.org
166,166,Michael,Wilson,michael.wilson@example.com
167,167,Joshua,Allen,joshua.allen@example.com
168,168,Margaret,Rivera,margaret.rivera@email.com
169,169,Melissa,Campbell,melissa.campbell@email.com
170,170,Karen,Brown,karen.brown@business.net
171,171,George,Hill,george.hill@email.com
172,172,George,Baker,george.baker@business.net
173,173,Joseph,Green,joseph.green@example.com
174,174,Kimberly,Young,kimberly.young@example.com
175,175,Kevin,Wilson,kevin.wilson@email.com
176,176,Kimberly,Lopez,kimberly.lopez@business.net
177,177,Amanda,Thomas,amanda.thomas@email.com
178,178,Michael,Rodriguez,michael.rodriguez@email.com
179,179,Melissa,King,melissa.king@email.com
180,180,Mary,Jackson,mary.jackson@example.com
181,181,Nancy,Lee,nancy.lee@email.com
182,182,Steven,Green,steven.green@example.com
183,183,Jessica,Green,jessica.green@email.com
184,184,Richard,Rivera,richard.rivera@example.com
185,185,Charles,Hernandez,charles.hernandez@example.com
186,186,Mark,Nelson,mark.nelson@business.net
187,187,Matthew,Rodriguez,matthew.rodriguez@business.net
188,188,Mark,Hill,mark.hill@business.net
189,189,Brian,Taylor,brian.taylor@company.org
190,190,Richard,Davis,richard.davis@email.com
191,191,Steven,Hernandez,steven.hernandez@email.com
192,192,Joseph,Campbell,joseph.campbell@example.com
193,193,Daniel,Adams,daniel.adams@email.com
194,194,Anthony,Ramirez,anthony.ramirez@company.org
195,195,John,King,john.king@business.net
196,196,James,Lewis,james.lewis@business.net
197,197,Amanda,Sanchez,amanda.sanchez@business.net
198,198,James,Davis,james.davis@business.net
199,199,Donald,Lewis,donald.lewis@business.net
200,200,Anthony,Harris,anthony.harris@company.org
201,201,Linda,Hill,linda.hill@email.com
202,202,Paul,Nelson,paul.nelson@business.net
203,203,Margaret,Perez,margaret.perez@company.org
204,204,Christopher,Perez,christopher.perez@business.net
205,205,Elizabeth,Taylor,elizabeth.taylor@business.net
206,206,Emily,Ramirez,emily.ramirez@email.com
207,207,Sandra,Lopez,sandra.lopez@company.org
208,208,Andrew,Hill,andrew.hill@example.com
209,209,Sandra,Hernandez,sandra.hernandez@company.org
210,210,Amanda,Clark,amanda.clark@email.com
211,211,Michelle,Moore,michelle.moore@example.com
212,212,Margaret,Nelson,margaret.nelson@example.com
213,213,Michael,Lee,michael.lee@business.net
214,214,Michael,Anderson,michael.anderson@company.org
215,215,Donald,Rivera,donald.rivera@company.org
216,216,Emily,Clark,emily.clark@company.org
217,217,Jessica,Flores,jessica.flores@company.org
218,218,Richard,Wright,richard.wright@email.com
219,219,William,Martinez,william.martinez@business.net
220,220,Dorothy,Taylor,dorothy.taylor@email.com
221,221,Dorothy,Allen,dorothy.allen@email.com
222,222,Barbara,Torres,barbara.torres@email.com
223,223,Margaret,Garcia,margaret.garcia@example.com
224,224,Joseph,White,joseph.white@email.com
225,225,Lisa,Young,lisa.young@business.net
226,226,Dorothy,Scott,dorothy.scott@example.com
227,227,Emily,Martin,emily.martin@company.org
228,228,Ashley,Adams,ashley.adams@example.com
229,229,Amanda,Martin,amanda.martin@company.org
230,230,Anthony,Martinez,anthony.martinez@email.com
231,231,Joseph,Green,joseph.green@business.net
232,232,James,Adams,james.adams@email.com
233,233,John,Brown,john.brown@example.com
234,234,Elizabeth,Ramirez,elizabeth.ramirez@email.com
235,235,Charles,Harris,charles.harris@example.com
236,236,Donna,Ramirez,donna.ramirez@example.com
237,237,Charles,Hill,charles.hill@example.com
238,238,Andrew,Garcia,andrew.garcia@example.com
239,239,Patricia,Hill,patricia.hill@example.com
240,240,Margaret,Sanchez,margaret.sanchez@business.net
241,241,Joshua,Nguyen,joshua.nguyen@business.net
242,242,Karen,Perez,karen.perez@business.net
243,243,Brian,Thomas,brian.thomas@example.com
244,244,Patricia,Miller,patricia.miller@email.com
245,245,Kimberly,Moore,kimberly.moore@email.com
246,246,William,Adams,william.adams@email.com
247,247,Brian,Martin,brian.martin@company.org
248,248,James,Adams,james.adams@business.net
249,249,Barbara,Rivera,barbara.rivera@company.org
250,250,Nancy,Nelson,nancy.nelson@email.com
251,251,Carol,Gonzalez,carol.gonzalez@example.com
252,252,Ashley,Gonzalez,ashley.gonzalez@company.org
253,253,Michael,Clark,michael.clark@email.com
254,254,Lisa,Sanchez,lisa.sanchez@example.com
255,255,John,Mitchell,john.mitchell@email.com
256,256,Patricia,Green,patricia.green@email.com
257,257,Edward,Jones,edward.jones@example.com
258,258,Ashley,Garcia,ashley.garcia@company.org
259,259,Joshua,Taylor,joshua.taylor@example.com
260,260,George,Martinez,george.martinez@business.net
261,261,John,Johnson,john.johnson@email.com
262,262,Sarah,Lopez,sarah.lopez@company.org
263,263,Sandra,Clark,sandra.clark@business.net
264,264,Jessica,Martin,jessica.martin@business.net
265,265,Edward,Nelson,edward.nelson@email.com
266,266,Nancy,Rodriguez,nancy.rodriguez@email.com
267,267,Carol,Baker,carol.baker@business.net
268,268,Patricia,Lee,patricia.lee@company.org
269,269,Charles,Young,charles.young@email.com
270,270,Carol,Taylor,carol.taylor@example.com
271,271,Jennifer,Clark,jennifer.clark@example.com
272,272,David,Allen,david.allen@business.net
273,273,Kevin,Torres,kevin.torres@business.net
274,274,Richard,Rivera,richard.rivera@email.com
275,275,Nancy,Thompson,nancy.thompson@email.com
276,276,Christopher,Torres,christopher.torres@company.org
277,277,Patricia,Taylor,patricia.taylor@example.com
278,278,Carol,Thompson,carol.thompson@business.net
279,279,David,King,david.king@company.org
280,280,Edward,Anderson,edward.anderson@example.com
281,281,Michael,Sanchez,michael.sanchez@business.net
282,282,Brian,Anderson,brian.anderson@example.com
283,283,Joshua,Thomas,joshua.thomas@company.org
284,284,Kenneth,Young,kenneth.young@email.com
285,285,Amanda,Moore,amanda.moore@business.net
286,286,Dorothy,Jackson,dorothy.jackson@company.org
287,287,Joseph,Rivera,joseph.rivera@company.org
288,288,Donna,Hall,donna.hall@business.net
289,289,Daniel,Baker,daniel.baker@email.com
290,290,Kimberly,Ramirez,kimberly.ramirez@email.com
291,291,Kevin,Adams,kevin.adams@business.net
292,292,Amanda,Brown,amanda.brown@business.net
293,293,Mark,Robinson,mark.robinson@company.org
294,294,Thomas,Green,thomas.green@email.com
295,295,Brian,Moore,brian.moore@email.com
296,296,Elizabeth,Mitchell,elizabeth.mitchell@company.org
297,297,Joshua,Jackson,joshua.jackson@example.com
298,298,Andrew,Smith,andrew.smith@email.com
299,299,Donald,Green,donald.green@example.com
300,300,Mary,Williams,mary.williams@email.com
301,301,Emily,Jackson,emily.jackson@business.net
302,302,Barbara,Flores,barbara.flores@company.org
303,303,Donna,Torres,donna.torres@company.org
304,304,Robert,Harris,robert.harris@business.net
305,305,William,Davis,william.davis@company.org
306,306,Paul,Rodriguez,paul.rodriguez@email.com
307,307,Daniel,Allen,daniel.allen@business.net
308,308,Kenneth,Walker,kenneth.walker@example.com
309,309,Deborah,Lopez,deborah.lopez@business.net
310,310,Kimberly,Nguyen,kimberly.nguyen@example.com
311,311,James,Perez,james.perez@business.net
312,312,Mark,Torres,mark.torres@example.com
313,313,Lisa,King,lisa.king@business.net
314,314,Joseph,Taylor,joseph.taylor@business.net
315,315,Matthew,Thompson,matthew.thompson@example.com
316,316,Dorothy,Martinez,dorothy.martinez@company.org
317,317,Charles,Wilson,charles.wilson@business.net
318,318,Sarah,Brown,sarah.brown@email.com
319,319,Kevin,Johnson,kevin.johnson@example.com
320,320,Anthony,Adams,anthony.adams@company.org
321,321,Robert,Campbell,robert.campbell@company.org
322,322,Donna,Perez,donna.perez@business.net
323,323,Jessica,Lee,jessica.lee@email.com
324,324,Steven,Mitchell,steven.mitchell@business.net
325,325,Christopher,Flores,christopher.flores@example.com
326,326,Melissa,Walker,melissa.walker@company.org
327,327,Kevin,Campbell,kevin.campbell@example.com
328,328,Elizabeth,King,elizabeth.king@company.org
329,329,Robert,Green,robert.green@example.com
330,330,Robert,Lopez,robert.lopez@email.com
331,331,Karen,Green,karen.green@company.org
332,332,Michael,Nelson,michael.nelson@example.com
333,333,Christopher,Taylor,christopher.taylor@business.net
334,334,Deborah,Young,deborah.young@company.org
335,335,Deborah,Robinson,deborah.robinson@email.com
336,336,Patricia,Young,patricia.young@example.com
337,337,Lisa,Johnson,lisa.johnson@email.com
338,338,Mary,Flores,mary.flores@business.net
339,339,Dorothy,Campbell,dorothy.campbell@example.com
340,340,George,Sanchez,george.sanchez@company.org
341,341,Matthew,Nelson,matthew.nelson@company.org
342,342,Barbara,Lewis,barbara.lewis@email.com
343,343,Barbara,Taylor,barbara.taylor@company.org
344,344,William,Ramirez,william.ramirez@business.net
345,345,Donald,Martinez,donald.martinez@example.com
346,346,Deborah,Young,deborah.young@example.com
347,347,Thomas,Mitchell,thomas.mitchell@email.com
348,348,John,Walker,john.walker@company.org
349,349,Donald,Hill,donald.hill@email.com
350,350,Ashley,Nelson,ashley.nelson@business.net
351,351,David,Hall,david.hall@company.org
352,352,Michelle,Nguyen,michelle.nguyen@email.com
353,353,Richard,Harris,richard.harris@example.com
354,354,Kimberly,Martin,kimberly.martin@business.net
355,355,Sarah,Moore,sarah.moore@example.com
356,356,Carol,Nguyen,carol.nguyen@company.org
357,357,Paul,White,paul.white@email.com
358,358,Amanda,Torres,amanda.torres@company.org
359,359,Kimberly,Hernandez,kimberly.hernandez@email.com
360,360,Elizabeth,Mitchell,elizabeth.mitchell@example.com
361,361,Michael,Clark,michael.clark@business.net
362,362,Michael,Lee,michael.lee@business.net
363,363,David,Walker,david.walker@business.net
364,364,Donald,Wright,donald.wright@email.com
365,365,Michael,White,michael.white@business.net
366,366,Melissa,Anderson,melissa.anderson@company.org
367,367,Susan,Jones,susan.jones@email.com
368,368,Andrew,Anderson,andrew.anderson@example.com
369,369,Joshua,Wilson,joshua.wilson@business.net
370,370,Ashley,Perez,ashley.perez@email.com
371,371,Robert,Flores,robert.flores@email.com
372,372,Melissa,Miller,melissa.miller@email.com
373,373,Matthew,White,matthew.white@example.com
374,374,Elizabeth,Davis,elizabeth.davis@example.com
375,375,Mary,Williams,mary.williams@company.org
376,376,Ashley,King,ashley.king@email.com
377,377,Karen,Nelson,karen.nelson@business.net
378,378,Kimberly,Nelson,kimberly.nelson@email.com
379,379,Patricia,Smith,patricia.smith@business.net
380,380,Linda,Green,linda.green@company.org
381,381,Christopher,Anderson,christopher.anderson@example.com
382,382,Dorothy,Clark,dorothy.clark@company.org
383,383,Michael,Flores,michael.flores@example.com
384,384,Nancy,Wilson,nancy.wilson@email.com
385,385,Matthew,Hill,matthew.hill@company.org
386,386,David,Campbell,david.campbell@email.com
387,387,George,Torres,george.torres@company.org
388,388,Amanda,Young,amanda.young@business.net
389,389,Carol,Harris,carol.harris@company.org
390,390,Barbara,Sanchez,barbara.sanchez@email.com
391,391,Christopher,Gonzalez,christopher.gonzalez@example.com
392,392,Robert,Mitchell,robert.mitchell@business.net
393,393,David,Nelson,david.nelson@business.net
394,394,Edward,Wilson,edward.wilson@email.com
395,395,William,Nelson,william.nelson@example.com
396,396,Donald,Lee,donald.lee@email.com
397,397,Kenneth,Gonzalez,kenneth.gonzalez@example.com
398,398,Karen,Adams,karen.adams@business.net
399,399,Thomas,Adams,thomas.adams@business.net
400,400,Linda,Nguyen,linda.nguyen@email.com
401,401,Joshua,Moore,joshua.moore@business.net
402,402,Carol,Torres,carol.torres@email.com
403,403,Barbara,Green,barbara.green@business.net
404,404,Joshua,Gonzalez,joshua.gonzalez@business.net
405,405,James,Torres,james.torres@company.org
406,406,Deborah,Young,deborah.young@email.com
407,407,Joshua,Jones,joshua.jones@business.net
408,408,Donald,Anderson,donald.anderson@email.com
409,409,Kimberly,Perez,kimberly.perez@example.com
410,410,Dorothy,Lewis,dorothy.lewis@example.com
411,411,Christopher,Baker,christopher.baker@example.com
412,412,Steven,Martinez,steven.martinez@business.net
413,413,Jennifer,Adams,jennifer.adams@example.com
414,414,Mary,Gonzalez,mary.gonzalez@example.com
415,415,Dorothy,Wright,dorothy.wright@email.com
416,416,Donald,Rodriguez,donald.rodriguez@example.com
417,417,Mark,Thompson,mark.thompson@example.com
418,418,Sarah,Moore,sarah.moore@business.net
419,419,Anthony,Ramirez,anthony.ramirez@example.com
420,420,Michelle,Clark,michelle.clark@email.com
421,421,Brian,Robinson,brian.robinson@email.com
422,422,James,Garcia,james.garcia@business.net
423,423,Patricia,Rivera,patricia.rivera@business.net
424,424,Jessica,Moore,jessica.moore@example.com
425,425,Deborah,Garcia,deborah.garcia@example.com
426,426,Barbara,Sanchez,barbara.sanchez@business.net
427,427,Nancy,Robinson,nancy.robinson@email.com
428,428,Kevin,Martin,kevin.martin@email.com
429,429,Lisa,Clark,lisa.clark@email.com
430,430,Lisa,Mitchell,lisa.mitchell@email.com
431,431,Richard,Campbell,richard.campbell@company.org
432,432,Donna,Adams,donna.adams@email.com
433,433,Mark,Martin,mark.martin@example.com
434,434,Edward,Brown,edward.brown@business.net
435,435,James,Ramirez,james.ramirez@business.net
436,436,Michelle,Johnson,michelle.johnson@company.org
437,437,Jessica,Thomas,jessica.thomas@example.com
438,438,Michelle,Martin,michelle.martin@email.com
439,439,Edward,Hall,edward.hall@company.org
440,440,Linda,Martin,linda.martin@email.com
441,441,George,Johnson,george.johnson@email.com
442,442,Michael,Harris,michael.harris@business.net
443,443,Joseph,Robinson,joseph.robinson@company.org
444,444,James,Lee,james.lee@company.org
445,445,Deborah,Jackson,deborah.jackson@company.org
446,446,Steven,Hill,steven.hill@example.com
447,447,Ashley,Rivera,ashley.rivera@example.com
448,448,George,Clark,george.clark@company.org
449,449,Donna,Gonzalez,donna.gonzalez@example.com
450,450,Andrew,Adams,andrew.adams@email.com
451,451,Linda,Thompson,linda.thompson@example.com
452,452,Mark,Davis,mark.davis@example.com
453,453,Margaret,Sanchez,margaret.sanchez@example.com
454,454,Betty,Hill,betty.hill@example.com
455,455,Joseph,Ramirez,joseph.ramirez@email.com
456,456,Patricia,Perez,patricia.perez@example.com
457,457,Sarah,Davis,sarah.davis@example.com
458,458,Sandra,Nelson,sandra.nelson@email.com
459,459,Donald,Hill,donald.hill@email.com
460,460,Carol,Gonzalez,carol.gonzalez@example.com
461,461,Kenneth,Torres,kenneth.torres@business.net
462,462,Anthony,Lewis,anthony.lewis@example.com
463,463,Andrew,Flores,andrew.flores@email.com
464,464,Carol,Brown,carol.brown@email.com
465,465,Sarah,Flores,sarah.flores@email.com
466,466,Robert,Martinez,robert.martinez@company.org
467,467,Kenneth,Allen,kenneth.allen@company.org
468,468,Mary,Allen,mary.allen@email.com
469,469,Steven,King,steven.king@business.net
470,470,Amanda,Walker,amanda.walker@email.com
471,471,Andrew,Wright,andrew.wright@company.org
472,472,Thomas,Wilson,thomas.wilson@email.com
473,473,Daniel,Flores,daniel.flores@email.com
474,474,Kimberly,Mitchell,kimberly.mitchell@email.com
475,475,Steven,Baker,steven.baker@email.com
476,476,Barbara,Lewis,barbara.lewis@business.net
477,477,Paul,Lopez,paul.lopez@company.org
478,478,James,Williams,james.williams@email.com
479,479,Robert,Lee,robert.lee@business.net
480,480,Ashley,Perez,ashley.perez@business.net
481,481,Mary,Davis,mary.davis@company.org
482,482,Edward,Wilson,edward.wilson@email.com
483,483,Donald,Martinez,donald.martinez@example.com
484,484,Robert,Lee,robert.lee@email.com
485,485,Donald,Campbell,donald.campbell@example.com
486,486,Sarah,Johnson,sarah.johnson@company.org
487,487,Steven,Lopez,steven.lopez@business.net
488,488,Edward,Sanchez,edward.sanchez@business.net
489,489,Kenneth,Adams,kenneth.adams@example.com
490,490,Dorothy,Thomas,dorothy.thomas@email.com
491,491,Jennifer,Clark,jennifer.clark@business.net
492,492,Patricia,Torres,patricia.torres@business.net
493,493,Joshua,Green,joshua.green@company.org
494,494,Joshua,Wilson,joshua.wilson@example.com
495,495,Lisa,Torres,lisa.torres@email.com
496,496,George,Thomas,george.thomas@email.com
497,497,Steven,Garcia,steven.garcia@company.org
498,498,Linda,Adams,linda.adams@example.com
499,499,Lisa,Miller,lisa.miller@example.com
500,500,Amanda,Thomas,amanda.thomas@email.com
